id,nome,formador,pos,idade,altura_cm,pe,clube,liga,tier,tier_pais,delta_tier,min_temp,min_3a,gols_3a,amostra,valor_eur,contrato_ate,contrato_livre,meses_contrato,janela,imposicao,rendimento,avaliacao,contexto,mercado,cobertura,score_esportivo,bsc,classe,rank_pos,vinculo,dono,disponibilidade,alerta_altura,status,observacao,sofascore_url,qualidade_1,qualidade_1_nota,qualidade_2,qualidade_2_nota,qualidade_3,qualidade_3_nota,ponto_fraco_tag,ponto_fraco_nota
982174,Lucas Piton,Corinthians,LAT,25,176,Esquerdo,Vasco da Gama,Brasileirão Betano,1,3,T3→T1,1096,13278,8,Adequada,5700000,2028-12-31,False,27,Mais de 24m,51.6,63.4,46.2,85.6,41.6,1.0,59.1,56.5,E,5,,,nao_verificado,False,Egresso,,https://www.sofascore.com/pt/football/player/lucas-piton/982174,Velocista,94.4,Criador,94.4,,,Driblador,30.0
1134200,Wesley,Flamengo,LAT,23,178,Direito,AS Roma,Serie A,1,1,,330,12866,9,Baixa,43000000,2030-06-30,False,45,Mais de 24m,71.3,75.4,66.1,78.7,26.7,1.0,73.0,66.1,D,1,,,nao_verificado,False,Egresso,,https://www.sofascore.com/pt/football/player/wesley-franca/1134200,Criador,100.0,Velocista,77.8,Duelista,71.9,,
1015292,Richard Ríos,Flamengo,MEI,26,185,Direito,Al-Ittihad,Saudi Pro League,3,4,T4→T3,198,12583,21,Baixa,27000000,2027-06-30,False,9,≤12m · oportunidade,64.1,67.0,63.7,66.0,27.4,1.0,60.1,55.2,D,9,,,nao_verificado,False,Egresso,,https://www.sofascore.com/pt/football/player/richard-rios/1015292,Construtor,95.4,Duelista,79.2,,,Driblador,0.0
1199282,Murillo,Corinthians,ZAG,24,183,Esquerdo,Nottingham Forest,Premier League,1,1,,448,11974,4,Baixa,49000000,2030-06-30,False,45,Mais de 24m,27.1,68.4,81.7,75.5,28.8,1.0,54.2,50.4,D,19,,,nao_verificado,False,Egresso,,https://www.sofascore.com/pt/football/player/murillo/1199282,,,,,,,Jogo aéreo,26.7
1108441,Lucas Beraldo,São Paulo,ZAG,22,186,Esquerdo,Paris Saint-Germain,Ligue 1,1,1,,95,10591,6,Baixa,20000000,2028-06-30,False,21,12–24m,71.4,52.3,63.8,46.8,38.1,1.0,60.5,57.1,D,3,,,nao_verificado,False,Egresso,,https://www.sofascore.com/pt/football/player/lucas-beraldo/1108441,Duelista,92.1,Construtor,89.5,,,Velocista,0.0
985766,Wesley Ribeiro,Palmeiras,ATA,27,175,Direito,Al-Rayyan,Stars League,3,3,,94,10249,25,Baixa,8100000,,False,,Sem dado,52.4,12.8,50.2,66.9,19.2,0.9,36.8,33.3,E,57,,,nao_verificado,False,Egresso,,https://www.sofascore.com/pt/football/player/wesley/985766,,,,,,,Driblador,0.0
913593,Gabriel Sara,São Paulo,MEI,27,178,Esquerdo,Galatasaray,Trendyol Süper Lig,2,2,,470,10248,21,Moderada,25000000,2029-06-30,False,33,Mais de 24m,28.0,69.0,89.8,78.0,17.9,1.0,52.8,47.6,C,31,,,nao_verificado,False,Egresso,,https://www.sofascore.com/pt/football/player/gabriel-sara/913593,Criador,95.9,Goleador,85.6,,,Duelista,9.0
995293,Diego Costa,Não mapeado,ZAG,27,184,Direito,PAOK,Stoiximan Super League,,,,90,10176,5,,11400000,2029-06-30,False,,,,,,,,,,,DESC,,,,nao_verificado,False,Não mapeado,Fora da aba BSC da v2 (aposentado ou sem formador mapeado),https://www.sofascore.com/pt/football/player/diego-costa/995293,,,,,,,,
950454,Hugo Souza,Flamengo,GOL,27,199,Direito,Corinthians,Brasileirão Betano,1,3,T3→T1,2160,10080,0,Adequada,11600000,2030-12-31,False,51,Mais de 24m,72.2,37.3,57.2,84.4,9.5,1.0,58.2,50.9,A,5,,,nao_verificado,False,Egresso,,https://www.sofascore.com/pt/football/player/hugo-souza/950454,Saída e jogo aéreo,72.2,,,,,Jogo com os pés,30.9
869643,Léo Ortiz,Internacional,ZAG,30,185,Direito,Flamengo,Brasileirão Betano,1,4,T4→T1,1992,9974,11,Adequada,13600000,2028-12-31,False,27,Mais de 24m,46.3,57.0,83.3,85.2,15.5,1.0,60.7,53.9,C,13,,,nao_verificado,False,Egresso,,https://www.sofascore.com/pt/football/player/leo-ortiz/869643,Construtor,84.9,,,,,,
990169,Johnny Cardoso,Internacional,MEI,25,186,Direito,Atlético Madrid,LaLiga,1,1,,232,9857,8,Baixa,18700000,2030-06-30,False,45,Mais de 24m,32.3,64.2,51.7,62.0,33.5,1.0,49.3,46.9,E,34,,,nao_verificado,False,Egresso,,https://www.sofascore.com/pt/football/player/johnny-cardoso/990169,Construtor,93.2,,,,,Driblador,0.0
973293,Hugo Moura,Flamengo,MEI,28,177,Direito,Al-Fayha,Saudi Pro League,3,4,T4→T3,627,9808,3,Moderada,955000,2028-06-30,False,21,12–24m,47.8,57.1,37.6,83.1,42.3,1.0,49.7,48.6,E,29,,,nao_verificado,False,Egresso,,https://www.sofascore.com/pt/football/player/hugo-moura/973293,Velocista,92.5,Construtor,80.6,,,Pressão e recuperação,23.0
885179,Paulinho,São Paulo,ATA,26,175,Direito,Palmeiras,Brasileirão Betano,1,2,T2→T1,144,9800,49,Baixa,8700000,2029-12-31,False,39,Mais de 24m,34.2,68.1,,66.4,21.2,0.83,55.6,48.0,D,29,,,nao_verificado,False,Egresso,,https://www.sofascore.com/pt/football/player/paulinho/885179,Driblador,94.1,Goleador,82.0,,,Velocista,0.0
243585,Fabinho,Palmeiras,MEI,32,187,Direito,Trabzonspor,Trendyol Süper Lig,2,3,T3→T2,328,9733,7,Baixa,11000000,2028-06-30,False,21,12–24m,70.7,60.2,51.4,72.4,15.4,1.0,61.7,54.8,D,13,,,nao_verificado,False,Egresso,,https://www.sofascore.com/pt/football/player/fabinho/243585,Construtor,87.9,Duelista,86.3,,,Velocista,0.0
861493,Iván Angulo,Palmeiras,ATA,27,179,Direito,Orlando City SC,MLS,3,4,T4→T3,2358,9701,12,Adequada,3300000,2026-12-31,False,3,≤12m · oportunidade,41.7,43.8,40.2,94.7,41.9,1.0,48.0,46.8,E,32,,,nao_verificado,False,Egresso,,https://www.sofascore.com/pt/football/player/ivan-angulo/861493,Driblador,79.4,Velocista,73.1,,,Goleador,22.4
931540,Matheuzinho,Flamengo,LAT,26,171,Direito,Corinthians,Brasileirão Betano,1,3,T3→T1,1905,9401,5,Adequada,10300000,2028-12-31,False,27,Mais de 24m,50.0,72.1,81.7,91.7,20.7,1.0,66.4,59.5,C,3,,,nao_verificado,False,Egresso,,https://www.sofascore.com/pt/football/player/matheuzinho/931540,Construtor,84.9,Criador,76.2,Muralha,74.8,Driblador,15.0
1015267,João Gomes,Flamengo,MEI,25,176,Direito,Aston Villa,Premier League,1,1,,130,9375,7,Baixa,36000000,2031-06-30,False,57,Mais de 24m,64.2,50.1,58.3,65.8,28.5,0.97,58.7,54.2,E,16,,,nao_verificado,False,Egresso,,https://www.sofascore.com/pt/football/player/joao-gomes/1015267,Driblador,96.4,Duelista,90.2,,,Velocista,0.0
822526,Gabriel Batista,Flamengo,GOL,28,188,Direito,Botafogo,Brasileirão Betano,1,3,T3→T1,540,9179,0,Moderada,4200000,,False,,Sem dado,57.0,45.1,36.1,72.7,16.0,0.97,52.4,46.9,E,8,,,nao_verificado,False,Egresso,,https://www.sofascore.com/pt/football/player/gabriel-batista/822526,,,,,,,,
910637,Thuler,Flamengo,ZAG,27,185,Direito,Vissel Kobe,J1 League,3,4,T4→T3,720,8999,7,Moderada,1900000,,False,,Sem dado,49.7,46.9,64.3,75.0,32.8,0.98,50.7,48.0,E,23,,,nao_verificado,False,Egresso,,https://www.sofascore.com/pt/football/player/thuler/910637,Velocista,75.0,,,,,Construtor,18.9
1105341,Micael,Palmeiras,ZAG,26,190,Esquerdo,Inter Miami CF,MLS,3,4,T4→T3,1620,8854,3,Adequada,3900000,2026-12-31,False,3,≤12m · oportunidade,60.5,58.8,56.4,87.0,39.2,1.0,59.1,56.1,A,8,emprestimo,Palmeiras,nao_verificado,True,Egresso,,https://www.sofascore.com/pt/football/player/micael/1105341,Velocista,93.8,Construtor,72.8,,,,
982998,João Victor,Corinthians,ZAG,28,187,Direito,CSKA Moscow,Russian Premier League,2,2,,810,8334,3,Moderada,2700000,2029-06-30,False,33,Mais de 24m,76.3,61.6,45.9,76.8,27.2,1.0,65.1,59.4,A,2,,,nao_verificado,False,Egresso,,https://www.sofascore.com/pt/football/player/joao-victor/982998,Duelista,86.6,Muralha,72.8,,,Velocista,28.1
356522,Valdívia,Internacional,MEI,31,174,Direito,Jeonnam Dragons,K League 2,4,3,T3→T4,2250,8301,43,Adequada,580000,2026-12-31,False,3,≤12m · oportunidade,30.8,39.5,51.8,91.9,46.9,0.69,35.7,37.4,E,51,,,nao_verificado,False,Egresso,,https://www.sofascore.com/pt/football/player/valdivia/356522,Goleador,90.9,,,,,Construtor,20.5
1002510,Renan,Palmeiras,ZAG,24,184,Esquerdo,Shabab Al-Ahli Dubai,UAE Pro League,3,4,T4→T3,90,8254,12,Baixa,3700000,2029-06-30,False,33,Mais de 24m,43.2,43.0,43.7,51.6,45.8,1.0,41.1,41.8,E,30,,,nao_verificado,False,Egresso,,https://www.sofascore.com/pt/football/player/renan/1002510,Duelista,80.3,,,,,Velocista,0.0
973737,Bruno Fuchs,Internacional,ZAG,27,190,Direito,Palmeiras,Brasileirão Betano,1,3,T3→T1,595,8184,5,Moderada,4100000,2029-12-31,False,39,Mais de 24m,37.7,67.8,72.0,60.9,22.2,1.0,54.7,49.8,C,20,,,nao_verificado,False,Egresso,,https://www.sofascore.com/pt/football/player/bruno-fuchs/973737,Muralha,80.6,,,,,Velocista,21.9
780262,Gustavo Ferrareis,Internacional,ZAG,30,177,Direito,Sem equipe,"Liga MX, Apertura",4,4,,180,8171,4,Baixa,,,True,0,≤12m · oportunidade,11.8,65.8,22.8,56.7,37.7,0.94,30.3,31.4,D,41,,,nao_verificado,False,Sem clube,Sem clube (mapeamento),https://www.sofascore.com/pt/football/player/gustavo-ferrareis/780262,Construtor,93.4,,,,,Jogo aéreo,12.1
929846,André Clóvis,Internacional,ATA,28,186,Direito,Académico Viseu FC,Liga Portugal Betclic,1,2,T2→T1,536,7869,42,Moderada,2300000,2028-06-30,False,21,12–24m,30.2,47.2,55.1,88.3,35.0,1.0,50.6,47.5,E,30,,,nao_verificado,False,Egresso,,https://www.sofascore.com/pt/football/player/andre-clovis/929846,Goleador,82.4,,,,,Driblador,2.9
1597265,Estêvão,Palmeiras,ATA,19,176,Esquerdo,Chelsea,Premier League,1,1,,42,7832,40,Baixa,82000000,2033-06-30,False,81,Mais de 24m,35.6,35.2,71.7,48.6,24.5,0.97,42.4,38.8,E,48,,,nao_verificado,False,Egresso,,https://www.sofascore.com/pt/football/player/estevao/1597265,,,,,,,Driblador,0.0
1009920,Welington,São Paulo,LAT,25,170,Esquerdo,Southampton,Championship,2,1,T1→T2,86,7829,0,Baixa,2900000,2029-06-30,False,33,Mais de 24m,20.1,48.7,64.1,54.0,43.8,1.0,37.4,38.4,E,22,,,nao_verificado,False,Egresso,,https://www.sofascore.com/pt/football/player/welington/1009920,Construtor,78.0,,,,,Driblador,0.0
913598,Igor Gomes,São Paulo,MEI,27,182,Direito,Atlético Mineiro,Brasileirão Betano,1,3,T3→T1,325,7773,10,Baixa,2300000,2026-12-31,False,3,≤12m · oportunidade,31.1,64.2,43.6,57.9,41.7,0.98,47.4,46.5,E,37,,,nao_verificado,False,Egresso,,https://www.sofascore.com/pt/football/player/igor-gomes/913598,Construtor,80.1,Criador,72.9,,,Duelista,24.9
905455,Alan,Palmeiras,MEI,26,163,Direito,Vitória SC,Liga Portugal Betclic,1,2,T2→T1,87,7756,15,Baixa,4900000,2028-06-30,False,21,12–24m,47.4,70.7,57.2,51.7,32.8,0.98,57.3,53.6,D,18,,,nao_verificado,False,Egresso,,https://www.sofascore.com/pt/football/player/alan/905455,Construtor,82.2,Duelista,73.5,Driblador,71.4,Velocista,0.0
1462989,Janderson,Corinthians,ATA,27,189,Ambos,Göztepe,Trendyol Süper Lig,2,4,T4→T2,335,7714,21,Baixa,5800000,2028-06-30,False,21,12–24m,73.2,53.6,47.5,75.9,28.0,1.0,59.9,53.5,D,10,,,nao_verificado,False,Egresso,,https://www.sofascore.com/pt/football/player/janderson/1462989,Velocista,100.0,Driblador,94.1,Criador,87.0,,
1167069,Jhon Jhon,Palmeiras,MEI,24,178,Direito,Zenit St. Petersburg,Russian Premier League,2,2,,522,7612,19,Moderada,15500000,2031-06-30,False,57,Mais de 24m,54.8,65.8,83.6,75.1,31.5,0.94,61.3,56.8,C,6,,,nao_verificado,False,Egresso,,https://www.sofascore.com/pt/football/player/jhon-jhon/1167069,Driblador,98.2,Criador,75.7,,,Velocista,2.5
869630,Marcinho,Internacional,MEI,31,173,Direito,Kawasaki Frontale,J1 League,3,4,T4→T3,80,7596,25,Baixa,980000,2026-12-31,False,3,≤12m · oportunidade,4.2,21.7,21.8,58.0,41.7,0.65,17.3,21.0,E,59,,,nao_verificado,False,Egresso,,https://www.sofascore.com/pt/football/player/marcinho/869630,,,,,,,Duelista,0.0
360160,Artur,Internacional,ZAG,32,177,Esquerdo,Londrina,Brasileirão Série B,2,4,T4→T2,425,7566,,Baixa,460000,2027-12-31,False,15,12–24m,47.6,22.1,17.8,51.3,44.9,1.0,35.3,36.7,E,35,,,nao_verificado,False,Egresso,,https://www.sofascore.com/pt/football/player/artur/360160,,,,,,,Construtor,14.4
822509,Léo Santos,Corinthians,ZAG,27,186,Direito,CD Nacional,Liga Portugal Betclic,1,2,T2→T1,405,7559,7,Baixa,970000,2027-06-30,False,9,≤12m · oportunidade,56.9,48.2,75.4,60.5,49.5,1.0,57.2,56.0,E,9,,,nao_verificado,False,Egresso,,https://www.sofascore.com/pt/football/player/leo-santos/822509,Jogo aéreo,71.5,,,,,,
155998,Cláudio Winck,Internacional,ZAG,32,183,Direito,Kasımpaşa,Trendyol Süper Lig,2,4,T4→T2,535,7507,9,Moderada,850000,2027-06-30,False,9,≤12m · oportunidade,44.1,30.8,30.8,63.5,42.7,1.0,39.9,40.3,E,32,,,nao_verificado,False,Egresso,,https://www.sofascore.com/pt/football/player/claudio-winck/155998,Velocista,93.8,Duelista,75.9,,,Construtor,11.9
1191278,Robert Renan,Corinthians,ZAG,22,186,Esquerdo,Vasco da Gama,Brasileirão Betano,1,3,T3→T1,2340,7383,0,Adequada,10600000,2026-12-31,False,3,≤12m · oportunidade,39.5,58.7,73.5,79.5,49.4,1.0,56.2,55.2,C,11,,,nao_verificado,False,Egresso,,https://www.sofascore.com/pt/football/player/robert-renan/1191278,,,,,,,Duelista,33.6
1069159,Otávio,Flamengo,ZAG,24,188,Esquerdo,Paris FC,Ligue 1,1,1,,173,7314,5,Baixa,9600000,2030-06-30,False,45,Mais de 24m,37.7,75.2,66.6,49.8,35.2,1.0,54.3,51.4,D,17,,,nao_verificado,False,Egresso,,https://www.sofascore.com/pt/football/player/otavio/1069159,,,,,,,Velocista,18.8
905461,Rodrigo Nestor,São Paulo,MEI,26,174,Esquerdo,Bahia,Brasileirão Betano,1,3,T3→T1,1309,7121,11,Adequada,7400000,2030-12-31,False,51,Mais de 24m,28.6,57.3,65.3,78.5,22.0,1.0,48.9,44.9,E,41,,,nao_verificado,False,Egresso,,https://www.sofascore.com/pt/football/player/rodrigo-nestor/905461,Criador,86.5,,,,,Jogo aéreo,26.0
1387272,Lucas Esteves,Palmeiras,LAT,26,171,Esquerdo,Atlético San Luis,"Liga MX, Apertura",2,4,T4→T2,362,7107,,Baixa,1700000,2029-12-31,False,39,Mais de 24m,27.7,33.0,41.6,71.1,28.2,0.96,34.5,33.6,E,24,,,nao_verificado,False,Egresso,,https://www.sofascore.com/pt/football/player/lucas-esteves/1387272,,,,,,,Muralha,6.7
988851,José Aldo,Internacional,MEI,28,174,Ambos,Mirassol,Brasileirão Betano,1,4,T4→T1,1208,6965,6,Adequada,1600000,2027-12-31,False,15,12–24m,46.8,65.8,47.5,79.7,36.0,1.0,57.5,54.3,E,15,,,nao_verificado,False,Egresso,,https://www.sofascore.com/pt/football/player/jose-aldo/988851,Velocista,97.5,Construtor,77.8,Pressão e recuperação,72.3,Goleador,32.6
1174937,Endrick,Palmeiras,ATA,20,173,Esquerdo,Real Madrid,LaLiga,1,1,,10,6964,33,Baixa,42000000,2030-06-30,False,45,Mais de 24m,9.2,27.6,78.4,42.1,28.4,0.87,30.9,30.4,E,60,,,nao_verificado,False,Egresso,,https://www.sofascore.com/pt/football/player/endrick/1174937,,,,,,,Driblador,0.0
358530,Eduardo Bauermann,Internacional,ZAG,30,186,Ambos,CF Pachuca,"Liga MX, Apertura",2,4,T4→T2,753,6846,5,Moderada,1500000,,False,,Sem dado,69.3,54.7,78.9,64.1,26.9,0.96,61.9,56.7,A,5,,,nao_verificado,False,Egresso,,https://www.sofascore.com/pt/football/player/eduardo-bauermann/358530,Muralha,73.8,,,,,Construtor,15.6
1009928,Juan Santos da Silva,São Paulo,ATA,24,176,Direito,Göztepe,Trendyol Süper Lig,2,1,T1→T2,345,6812,24,Baixa,12600000,2029-06-30,False,33,Mais de 24m,60.2,77.4,80.9,75.1,36.4,1.0,68.4,62.0,D,1,,,nao_verificado,False,Egresso,,https://www.sofascore.com/pt/football/player/juan/1009928,Driblador,94.1,Goleador,90.2,Criador,87.1,Velocista,19.2
1069729,Lucas Freitas,Palmeiras,ZAG,25,184,Esquerdo,Vasco da Gama,Brasileirão Betano,1,3,T3→T1,105,6525,1,Baixa,1000000,2027-12-31,False,15,12–24m,50.4,50.4,45.2,30.5,61.5,1.0,46.3,48.6,E,22,,,nao_verificado,False,Egresso,,https://www.sofascore.com/pt/football/player/lucas-freitas/1069729,Duelista,72.4,,,,,Velocista,0.0
1067629,Caio Vidal,Internacional,ATA,25,174,Direito,Ludogorets,Parva Liga,2,2,,164,6459,12,Baixa,3100000,2029-06-30,False,33,Mais de 24m,58.7,49.9,68.6,66.4,51.0,0.72,55.2,54.4,E,9,,,nao_verificado,False,Egresso,,https://www.sofascore.com/pt/football/player/caio-vidal/1067629,Duelista,94.1,Driblador,94.1,,,Goleador,33.6
988850,Erik,Internacional,LAT,25,172,Esquerdo,Al-Ain,UAE Pro League,3,4,T4→T3,21,6385,5,Baixa,1600000,2028-06-30,False,21,12–24m,7.4,44.0,37.8,35.5,55.5,0.9,25.0,29.6,E,27,,,nao_verificado,False,Egresso,,https://www.sofascore.com/pt/football/player/erik/988850,Criador,75.9,,,,,Driblador,0.0
874030,Pedrinho,Internacional,MEI,28,172,Esquerdo,Shakhtar Donetsk,Ukrainian Premier League,2,4,T4→T2,129,6149,10,Baixa,9700000,2029-06-30,False,33,Mais de 24m,2.9,52.1,78.0,52.7,18.2,0.68,33.3,31.0,E,56,,,nao_verificado,False,Egresso,,https://www.sofascore.com/pt/football/player/pedrinho/874030,Goleador,86.4,,,,,Duelista,0.0
1106681,Felipe Augusto,Corinthians,ATA,22,187,Esquerdo,Zenit St. Petersburg,Russian Premier League,2,2,,262,6139,22,Baixa,14500000,2030-06-30,False,45,Mais de 24m,56.9,35.5,46.2,68.9,31.1,0.92,47.3,44.1,E,39,,,nao_verificado,False,Egresso,,https://www.sofascore.com/pt/football/player/felipe-augusto/1106681,,,,,,,Velocista,0.0
985888,Weverton,Internacional,LAT,27,181,Direito,Londrina,Brasileirão Série B,2,4,T4→T2,548,6082,,Moderada,265000,2026-11-30,False,2,≤12m · oportunidade,53.8,46.0,,70.6,59.3,0.84,50.3,51.8,E,9,,,nao_verificado,False,Egresso,,https://www.sofascore.com/pt/football/player/weverton/985888,Driblador,75.0,,,,,Muralha,28.5
988852,Zé Gabriel,Internacional,MEI,27,184,Direito,Sport Recife,Brasileirão Série B,2,4,T4→T2,1487,6023,,Adequada,580000,2026-11-30,False,2,≤12m · oportunidade,68.3,50.1,24.0,77.8,58.1,0.98,54.9,55.4,E,8,,,nao_verificado,False,Egresso,,https://www.sofascore.com/pt/football/player/ze-gabriel/988852,Jogo aéreo,75.2,Construtor,70.9,,,Goleador,13.3
780264,Andrigo,Internacional,MEI,31,170,Direito,Al Bataeh,UAE Pro League,3,4,T4→T3,1025,5963,16,Adequada,310000,,False,,Sem dado,30.3,33.2,39.2,79.1,44.5,0.92,35.1,36.5,E,53,,,nao_verificado,False,Egresso,,https://www.sofascore.com/pt/football/player/andrigo/780264,,,,,,,Velocista,7.5
1211632,Wesley,Corinthians,ATA,21,180,Direito,Cruzeiro,Brasileirão Betano,1,3,T3→T1,214,5927,12,Baixa,4100000,2027-06-30,False,9,≤12m · oportunidade,51.9,45.2,38.0,64.6,55.5,0.97,50.0,51.1,E,18,,,nao_verificado,False,Egresso,,https://www.sofascore.com/pt/football/player/wesley/1211632,Duelista,94.1,Driblador,94.1,,,Velocista,0.0
980761,Ramon,Flamengo / Internacional,MEI,25,176,Esquerdo,Vitória,Brasileirão Betano,1,3,T3→T1,1707,5909,2,Adequada,2200000,2026-12-31,False,3,≤12m · oportunidade,34.8,34.1,46.4,83.5,58.8,1.0,41.6,44.2,E,42,,,nao_verificado,False,Egresso,,https://www.sofascore.com/pt/football/player/ramon/980761,,,,,,,Construtor,18.5
974503,Heitor,Internacional,LAT,25,174,Direito,Chapecoense,Brasileirão Betano,1,3,T3→T1,274,5887,2,Baixa,475000,2026-12-31,False,3,≤12m · oportunidade,22.9,43.7,41.3,66.3,70.9,1.0,37.5,42.5,E,17,,,nao_verificado,False,Egresso,,https://www.sofascore.com/pt/football/player/heitor/974503,,,,,,,Driblador,0.0
1067639,Vinícius Tobias,Internacional,LAT,22,175,Direito,Shakhtar Donetsk,Ukrainian Premier League,2,2,,393,5819,2,Baixa,6200000,2029-06-30,False,33,Mais de 24m,70.8,73.0,59.8,65.3,37.2,0.67,66.1,61.8,D,2,,,nao_verificado,False,Egresso,,https://www.sofascore.com/pt/football/player/vinicius-tobias/1067639,Construtor,92.5,Duelista,90.0,Driblador,90.0,,
1066790,Gustavo Mantuan,Corinthians,LAT,25,175,Direito,Zenit St. Petersburg,Russian Premier League,2,2,,644,5814,11,Moderada,4600000,2030-06-30,False,45,Mais de 24m,59.1,57.3,81.2,73.7,35.6,0.96,59.7,56.1,A,6,,,nao_verificado,False,Egresso,,https://www.sofascore.com/pt/football/player/gustavo-mantuan/1066790,Duelista,81.5,Construtor,80.4,,,,
1112879,Kevin,Palmeiras,ATA,23,176,Direito,Fulham,Premier League,1,1,,66,5777,17,Baixa,26000000,2030-06-30,False,45,Mais de 24m,25.7,37.7,73.6,46.6,29.1,0.97,40.1,37.9,E,50,,,nao_verificado,False,Egresso,,https://www.sofascore.com/pt/football/player/kevin/1112879,Driblador,94.1,Pressão e recuperação,72.0,,,Velocista,0.0
1046440,Roni,Corinthians,MEI,27,174,Direito,AVS - Futebol SAD,Liga Portugal 2,2,2,,479,5630,4,Moderada,1000000,2028-06-30,False,21,12–24m,25.4,36.8,41.0,66.4,41.3,0.94,34.3,35.4,E,54,,,nao_verificado,False,Egresso,,https://www.sofascore.com/pt/football/player/roni/1046440,,,,,,,Driblador,12.5
822510,Liziero,São Paulo,MEI,28,175,Esquerdo,CD Nacional,Liga Portugal Betclic,1,2,T2→T1,338,5569,4,Baixa,1600000,2028-06-30,False,21,12–24m,56.1,57.5,67.6,62.3,34.2,1.0,58.7,55.0,E,11,,,nao_verificado,False,Egresso,,https://www.sofascore.com/pt/football/player/liziero/822510,Pressão e recuperação,78.0,Duelista,70.1,,,Driblador,0.0
1067640,Vanderlan,Palmeiras,LAT,24,183,Esquerdo,Red Bull Bragantino,Brasileirão Betano,1,3,T3→T1,72,5562,0,Baixa,2700000,2030-12-31,False,51,Mais de 24m,69.7,38.2,,39.9,40.3,0.86,53.1,51.0,D,10,,,nao_verificado,False,Egresso,,https://www.sofascore.com/pt/football/player/vanderlan/1067640,Duelista,74.4,,,,,Driblador,0.0
1067636,Vinicius Mello,Internacional,ATA,24,180,Esquerdo,Al-Jazira,UAE Pro League,3,4,T4→T3,89,5463,28,Baixa,1100000,2027-06-30,False,9,≤12m · oportunidade,32.9,52.4,52.8,64.2,65.8,0.85,44.7,48.9,E,24,,,nao_verificado,False,Egresso,,https://www.sofascore.com/pt/football/player/vinicius-mello/1067636,,,,,,,Pressão e recuperação,23.6
1128129,Du Queiroz,Corinthians,MEI,26,172,Direito,Sabah FK,Misli Premier League,4,4,,215,5325,2,Baixa,1400000,2027-06-30,False,9,≤12m · oportunidade,18.6,44.7,42.8,52.1,44.8,0.68,28.4,30.9,E,57,,,nao_verificado,False,Egresso,,https://www.sofascore.com/pt/football/player/du-queiroz/1128129,,,,,,,Jogo aéreo,5.8
1020610,Matheus Dias,Internacional,MEI,24,187,Direito,CD Nacional,Liga Portugal Betclic,1,2,T2→T1,547,5313,0,Moderada,1600000,2030-06-30,False,45,Mais de 24m,46.2,36.6,39.5,68.0,47.6,1.0,44.6,45.1,E,39,,,nao_verificado,False,Egresso,,https://www.sofascore.com/pt/football/player/dias-matheus/1020610,Jogo aéreo,79.8,,,,,Driblador,5.4
1016865,Alexandre Jesus,Fluminense,ATA,25,184,Direito,Orenburg,Russian Premier League,2,3,T3→T2,122,5295,16,Baixa,750000,2029-06-08,False,32,Mais de 24m,50.3,40.7,23.5,52.0,61.6,1.0,41.5,45.5,E,38,,,nao_verificado,False,Egresso,,https://www.sofascore.com/pt/football/player/alexandre-jesus/1016865,Jogo aéreo,76.9,,,,,Velocista,0.0
974329,Bruno José,Internacional,ATA,28,173,Ambos,Atlético Goianiense,Brasileirão Série B,2,4,T4→T2,870,5256,7,Moderada,420000,2026-11-30,False,2,≤12m · oportunidade,66.6,55.9,22.4,73.0,53.7,1.0,55.4,55.1,A,7,,,nao_verificado,False,Egresso,,https://www.sofascore.com/pt/football/player/bruno-jose/974329,Velocista,88.5,Criador,87.1,,,Goleador,34.5
1167068,Kaiky Naves,Palmeiras,ZAG,24,186,Ambos,Club Necaxa,"Liga MX, Apertura",2,4,T4→T2,559,5250,2,Moderada,3800000,2030-06-30,False,45,Mais de 24m,42.9,58.6,67.7,58.6,39.3,0.98,50.5,48.8,E,21,,,nao_verificado,False,Egresso,,https://www.sofascore.com/pt/football/player/kaiky-naves/1167068,,,,,,,,
871291,Thiago Couto,São Paulo,GOL,27,188,Direito,Sport Recife,Brasileirão Série B,2,4,T4→T2,2700,5212,0,Adequada,965000,2027-12-31,False,15,12–24m,32.0,60.1,39.5,83.1,46.2,1.0,50.8,50.1,E,6,,,nao_verificado,False,Egresso,,https://www.sofascore.com/pt/football/player/thiago-couto/871291,,,,,,,Saída e jogo aéreo,32.0
1066687,Léo Borges,Internacional,LAT,25,179,Esquerdo,SK Sigma Olomouc,Ekstraklasa,2,2,,135,5111,2,Baixa,1200000,,False,,Sem dado,21.0,52.1,53.3,42.3,59.9,0.96,36.4,39.9,E,20,,,nao_verificado,False,Egresso,,https://www.sofascore.com/pt/football/player/leo-borges/1066687,Criador,74.9,,,,,Velocista,0.0
1105970,Adson,Corinthians,ATA,25,171,Esquerdo,Vasco da Gama,Brasileirão Betano,1,3,T3→T1,817,5085,9,Moderada,2300000,2027-12-31,False,15,12–24m,36.0,45.1,57.9,76.7,59.1,1.0,49.8,51.7,E,14,,,nao_verificado,False,Egresso,,https://www.sofascore.com/pt/football/player/adson/1105970,Driblador,91.2,Pressão e recuperação,84.9,,,Velocista,3.8
1106667,Guilherme Biro,Corinthians,ATA,22,173,Esquerdo,Al-Ittihad Kalba,UAE Pro League,3,4,T4→T3,22,4855,6,Baixa,1900000,2027-06-30,False,9,≤12m · oportunidade,11.8,22.6,19.9,36.2,64.1,0.8,19.7,28.6,E,61,,,nao_verificado,False,Egresso,,https://www.sofascore.com/pt/football/player/guilherme-biro/1106667,,,,,,,Driblador,0.0
1105834,Mateusão,Flamengo,ATA,22,184,Direito,Shabab Al-Ahli Dubai,UAE Pro League,3,4,T4→T3,90,4842,29,Baixa,855000,,False,,Sem dado,58.0,28.6,29.4,61.6,67.2,0.85,40.6,45.9,E,35,,,nao_verificado,False,Egresso,,https://www.sofascore.com/pt/football/player/mateusao/1105834,,,,,,,Driblador,0.0
1170722,Jair,Santos,ZAG,21,198,Ambos,Nottingham Forest,Premier League,1,4,T4→T1,360,4837,1,Baixa,15500000,2030-06-30,False,45,Mais de 24m,45.0,35.0,25.8,48.1,31.6,1.0,40.3,39.0,E,33,,,nao_verificado,False,Egresso,,https://www.sofascore.com/pt/football/player/jair-paula/1170722,,,,,,,Construtor,16.5
1002556,Lázaro,Flamengo,ATA,24,181,Direito,Al-Fayha,Saudi Pro League,3,4,T4→T3,477,4807,12,Moderada,1900000,2027-06-30,False,9,≤12m · oportunidade,38.1,52.8,42.9,73.9,64.1,1.0,46.8,50.3,E,20,,,nao_verificado,False,Egresso,,https://www.sofascore.com/pt/football/player/lazaro/1002556,,,,,,,Driblador,32.4
986064,Luan Freitas,Fluminense,ZAG,25,184,Direito,Fortaleza,Brasileirão Série B,2,4,T4→T2,1045,4789,2,Adequada,470000,2027-12-31,False,15,12–24m,28.5,45.5,53.5,53.9,69.7,1.0,38.9,43.5,E,27,,,nao_verificado,False,Egresso,,https://www.sofascore.com/pt/football/player/luan-freitas/986064,,,,,,,Velocista,3.1
358166,Alex Santana,Internacional,MEI,31,182,Direito,Corinthians,Brasileirão Betano,1,3,T3→T1,9,4726,9,Baixa,1000000,2027-12-31,False,15,12–24m,83.7,47.1,,26.6,34.2,0.85,61.4,56.9,D,5,,,nao_verificado,False,Egresso,,https://www.sofascore.com/pt/football/player/alex-santana/358166,Duelista,100.0,Construtor,92.6,Jogo aéreo,79.0,Driblador,0.0
981296,Thiaguinho,Flamengo,ATA,25,170,Esquerdo,CRB,Brasileirão Série B,2,4,T4→T2,1548,4700,12,Adequada,720000,2027-12-31,False,15,12–24m,47.5,56.3,35.3,80.0,66.1,1.0,52.6,55.3,E,6,,,nao_verificado,False,Egresso,,https://www.sofascore.com/pt/football/player/thiaguinho/981296,Duelista,78.1,,,,,Velocista,19.2
1170912,Igor Jesus,Flamengo,MEI,23,179,Direito,Los Angeles FC,MLS,3,4,T4→T3,88,4690,0,Baixa,2800000,2028-12-31,False,27,Mais de 24m,50.0,52.9,,39.1,48.1,0.85,45.7,46.1,E,38,,,nao_verificado,False,Egresso,,https://www.sofascore.com/pt/football/player/igor-jesus/1170912,,,,,,,Velocista,0.0
875906,Juan Alano,Internacional,MEI,30,172,Direito,Sport Recife,Brasileirão Série B,2,4,T4→T2,772,4655,10,Moderada,990000,2027-02-28,False,5,≤12m · oportunidade,35.2,61.3,60.5,59.5,42.4,1.0,47.7,46.9,E,34,,,nao_verificado,False,Egresso,,https://www.sofascore.com/pt/football/player/juan-alano/875906,Criador,94.2,Driblador,80.4,,,Jogo aéreo,27.8
1105835,Matheus Cunha,Flamengo,GOL,25,193,Direito,Internacional,Brasileirão Betano,1,3,T3→T1,1365,4650,0,Adequada,2900000,2027-06-30,False,9,≤12m · oportunidade,44.5,16.5,71.7,60.7,57.8,1.0,39.0,41.8,E,10,,,nao_verificado,False,Egresso,Já no elenco do Inter,https://www.sofascore.com/pt/football/player/matheus-cunha/1105835,,,,,,,Reflexo,11.0
1175553,Matheus Gonçalves,Flamengo,ATA,21,175,Esquerdo,Al-Ahli,,4,4,,33,4437,13,Baixa,8200000,2027-06-30,False,9,≤12m · oportunidade,58.2,26.2,58.1,35.7,49.1,1.0,34.4,37.3,E,51,,,nao_verificado,False,Egresso,,https://www.sofascore.com/pt/football/player/matheus-goncalves/1175553,Driblador,94.1,,,,,Velocista,0.0
1482841,Kauã Elias,Fluminense,ATA,20,180,Direito,Shakhtar Donetsk,Ukrainian Premier League,2,4,T4→T2,324,4431,17,Baixa,14100000,2029-12-31,False,39,Mais de 24m,54.1,63.8,61.1,64.1,33.6,0.72,57.5,52.7,E,12,,,nao_verificado,False,Egresso,,https://www.sofascore.com/pt/football/player/elias-kaua/1482841,Goleador,81.1,,,,,,
928527,Rafael Elias,Palmeiras,ATA,27,179,Esquerdo,Kyoto Sanga FC,J1 League,3,4,T4→T3,704,4287,35,Moderada,3400000,2027-06-30,False,9,≤12m · oportunidade,59.5,55.9,78.8,76.1,38.1,1.0,58.6,54.5,A,8,,,nao_verificado,False,Egresso,,https://www.sofascore.com/pt/football/player/rafael-elias/928527,Velocista,96.2,Goleador,70.8,,,Criador,28.2
1002523,João Peglow,Internacional,ATA,24,172,Direito,DC United,MLS,3,4,T4→T3,1940,4214,6,Adequada,1300000,2027-12-31,False,15,12–24m,35.4,37.7,40.7,81.1,61.4,1.0,41.9,45.8,E,37,,,nao_verificado,False,Egresso,,https://www.sofascore.com/pt/football/player/peglow/1002523,Criador,80.9,Pressão e recuperação,76.1,,,Goleador,11.9
1507546,Ruan Ribeiro,Palmeiras,ATA,23,177,Direito,Port FC,Brasileirão Série B,2,4,T4→T2,0,4207,12,Baixa,185000,2027-06-30,False,9,≤12m · oportunidade,,,,30.7,76.5,0.25,,,SD,,,,nao_verificado,False,Egresso,,https://www.sofascore.com/pt/football/player/ruan-ribeiro/1507546,,,,,,,,
1485294,Riquelme Fillipi,Palmeiras,ATA,20,176,Direito,Inter Miami CF,Brasileirão Betano,1,4,T4→T1,19,4205,25,Baixa,910000,2030-06-30,False,45,Mais de 24m,72.0,27.5,52.5,29.4,55.7,0.95,44.9,47.1,D,31,,,nao_verificado,False,Egresso,,https://www.sofascore.com/pt/football/player/fillipi-riquelme/1485294,Duelista,100.0,,,,,Driblador,0.0
1897879,Sorriso,Palmeiras,ATA,21,165,Direito,Al-Fateh,Saudi Pro League,3,4,T4→T3,49,4182,17,Baixa,310000,2027-06-30,False,9,≤12m · oportunidade,36.2,32.1,48.8,34.1,73.8,0.92,32.9,41.1,E,44,,,nao_verificado,False,Egresso,,https://www.sofascore.com/pt/football/player/sorriso/1897879,Driblador,88.2,Duelista,74.8,,,Velocista,0.0
1633781,Luca Meirelles,Santos,ATA,19,185,Direito,Shakhtar Donetsk,Ukrainian Premier League,2,4,T4→T2,192,4111,44,Baixa,10400000,2030-06-30,False,45,Mais de 24m,20.7,90.9,65.3,54.2,35.1,0.69,56.0,51.8,D,13,,,nao_verificado,False,Egresso,,https://www.sofascore.com/pt/football/player/luca-oliveira-meirelles/1633781,Goleador,100.0,,,,,Duelista,0.0
1002443,Gustavo García,Palmeiras,LAT,24,175,Direito,Famalicão,Liga Portugal Betclic,1,2,T2→T1,10,4097,0,Baixa,1600000,2029-06-30,False,33,Mais de 24m,11.4,43.9,,22.5,51.3,0.76,25.9,30.1,E,26,,,nao_verificado,False,Egresso,,https://www.sofascore.com/pt/football/player/gustavo-garcia/1002443,Construtor,100.0,,,,,Driblador,0.0
973291,Vitor Gabriel,Flamengo,ATA,26,187,Direito,Bucheon FC 1995,K League 1,3,4,T4→T3,1083,4077,13,Adequada,390000,,False,,Sem dado,79.8,40.7,22.6,68.4,51.2,0.9,51.4,51.4,B,16,,,nao_verificado,False,Egresso,,https://www.sofascore.com/pt/football/player/vitor-gabriel/973291,Jogo aéreo,88.4,Velocista,80.8,,,Pressão e recuperação,11.3
1105598,Vitor Hugo,Internacional,GOL,25,195,Direito,Rio Ave,Liga Portugal 2,2,4,T4→T2,90,4049,0,Baixa,625000,2030-06-30,False,45,Mais de 24m,36.1,89.6,71.7,53.0,64.5,1.0,62.0,62.4,D,1,,,nao_verificado,False,Egresso,,https://www.sofascore.com/pt/football/player/vitor-hugo/1105598,Reflexo,92.8,Jogo com os pés,71.4,,,,
1170954,Victor Hugo,Flamengo,MEI,22,184,Esquerdo,Atlético Mineiro,Brasileirão Betano,1,3,T3→T1,1546,4021,5,Adequada,7200000,2030-12-31,False,51,Mais de 24m,70.1,40.2,54.4,73.8,36.6,1.0,58.1,54.9,A,12,,,nao_verificado,False,Egresso,,https://www.sofascore.com/pt/football/player/victor-hugo/1170954,Driblador,94.6,Duelista,73.3,,,Pressão e recuperação,16.0
1485599,Newerton Palmares,São Paulo,ATA,21,167,Direito,Shakhtar Donetsk,Ukrainian Premier League,2,2,,412,3985,11,Baixa,6700000,2028-06-30,False,21,12–24m,21.5,73.5,52.3,62.2,46.3,0.69,49.9,49.2,D,23,,,nao_verificado,False,Egresso,,https://www.sofascore.com/pt/football/player/newerton-palmares/1485599,Driblador,94.1,,,,,Jogo aéreo,1.8
1002819,Gabriel Veron,Palmeiras,ATA,24,176,Direito,FC Porto,Liga Portugal 2,2,2,,29,3917,7,Baixa,2600000,2027-06-30,False,9,≤12m · oportunidade,40.3,18.2,15.7,28.1,60.5,0.85,25.4,32.4,E,59,,,nao_verificado,False,Egresso,,https://www.sofascore.com/pt/football/player/gabriel-veron/1002819,,,,,,,Driblador,0.0
1586575,Felipe Andrade,Fluminense,LAT,24,182,Direito,Houston Dynamo,MLS,3,4,T4→T3,1758,3782,5,Adequada,1900000,2027-12-31,False,15,12–24m,65.1,46.7,41.5,71.4,53.8,1.0,52.1,52.4,E,8,,,nao_verificado,True,Egresso,,https://www.sofascore.com/pt/football/player/felipe-andrade/1586575,Velocista,83.3,Muralha,77.4,,,Driblador,5.0
859083,Dudu,Internacional,LAT,29,175,Direito,Chapecoense,Brasileirão Série C,4,4,,71,3775,1,Baixa,680000,2026-12-31,False,3,≤12m · oportunidade,58.6,66.4,,43.0,48.0,0.84,48.9,48.8,D,12,,,nao_verificado,False,Egresso,,https://www.sofascore.com/pt/football/player/dudu/859083,Criador,100.0,Duelista,90.0,Driblador,70.0,Velocista,0.0
1485273,Gabriel Vareta,Palmeiras,ZAG,21,183,Esquerdo,Al Wasl,UAE Pro League,3,4,T4→T3,910,3728,3,Adequada,1100000,,False,,Sem dado,36.1,28.2,20.2,53.6,61.0,0.98,32.2,36.5,E,36,,,nao_verificado,False,Egresso,,https://www.sofascore.com/pt/football/player/gabriel-vareta/1485273,,,,,,,Velocista,9.4
1066717,Giovani,Palmeiras,ATA,22,182,Esquerdo,Al-Sadd,Stars League,3,4,T4→T3,141,3692,12,Baixa,8500000,2028-06-30,False,21,12–24m,30.2,51.9,36.5,56.0,43.0,0.92,40.5,41.0,E,46,,,nao_verificado,False,Egresso,,https://www.sofascore.com/pt/football/player/giovani/1066717,Pressão e recuperação,78.8,,,,,Duelista,0.0
845178,Charles,Internacional,MEI,30,187,Direito,Corinthians,Brasileirão Betano,1,2,T2→T1,261,3617,6,Baixa,875000,2028-12-31,False,27,Mais de 24m,82.5,34.1,34.1,50.9,38.3,0.98,56.0,53.3,D,19,,,nao_verificado,False,Egresso,,https://www.sofascore.com/pt/football/player/charles/845178,Duelista,84.3,Jogo aéreo,77.6,Pressão e recuperação,70.3,Criador,8.8
1145106,Evertton Araujo,Flamengo,MEI,23,185,Direito,Flamengo,Brasileirão Betano,1,3,T3→T1,1006,3514,2,Adequada,5400000,2028-12-31,False,27,Mais de 24m,30.5,67.1,50.1,62.4,42.9,1.0,49.5,48.5,E,30,,,nao_verificado,False,No clube formador,Ainda no clube formador,https://www.sofascore.com/pt/football/player/evertton/1145106,Construtor,87.3,,,,,Driblador,1.8
242054,Vitinho,Corinthians,MEI,32,178,Direito,Corinthians,Brasileirão Betano,1,4,T4→T1,357,3442,11,Baixa,730000,2026-12-31,False,3,≤12m · oportunidade,56.3,36.7,53.2,47.5,45.4,1.0,48.0,47.6,E,31,,,nao_verificado,False,Egresso,,https://www.sofascore.com/pt/football/player/vitinho/242054,Driblador,85.7,,,,,Construtor,22.5
789962,Alisson Farias,Internacional,MEI,30,171,Direito,Rio Branco-ES,Brasileirão Série D,4,4,,5,3425,,Baixa,220000,2026-09-30,False,0,≤12m · oportunidade,,,,20.5,61.4,0.2,,,SD,,,,nao_verificado,False,Egresso,,https://www.sofascore.com/pt/football/player/alisson-farias/789962,,,,,,,,
1116956,Thauan Lara,Internacional,LAT,22,176,Esquerdo,Portimonense SAD,Liga Portugal 2,2,2,,29,3414,2,Baixa,375000,2029-06-30,False,33,Mais de 24m,68.4,59.9,55.3,20.5,63.8,0.94,55.3,56.6,D,4,,,nao_verificado,False,Egresso,,https://www.sofascore.com/pt/football/player/thauan-lara/1116956,Duelista,100.0,Driblador,100.0,,,Velocista,11.1
931472,Jonas Toró,São Paulo,ATA,27,177,Direito,Botafogo-PB,Brasileirão Série C,4,4,,165,3402,9,Baixa,390000,,False,,Sem dado,63.4,27.8,49.5,45.4,48.0,0.71,36.8,39.0,E,47,,,nao_verificado,False,Egresso,,https://www.sofascore.com/pt/football/player/jonas-toro/931472,,,,,,,Driblador,0.0
927208,Richard,Internacional,ATA,26,176,Direito,Água Santa,,4,4,,0,3402,6,Baixa,105000,,False,,Sem dado,,,20.6,23.2,57.5,0.37,,,SD,,,,nao_verificado,False,Egresso,,https://www.sofascore.com/pt/football/player/richard/927208,,,,,,,,
2035326,Maik,São Paulo,LAT,21,175,Direito,Dukla Banská Bystrica,Niké Liga,2,2,,45,3399,5,Baixa,1500000,2028-05-31,False,20,12–24m,14.6,42.8,40.7,20.7,58.5,0.94,26.9,31.6,E,25,,,nao_verificado,False,Egresso,,https://www.sofascore.com/pt/football/player/maik/2035326,,,,,,,Velocista,0.0
869644,Iago Borduchi,Internacional,ZAG,29,181,Esquerdo,São Paulo,Brasileirão Betano,1,4,T4→T1,474,3399,3,Moderada,3700000,2026-12-31,False,3,≤12m · oportunidade,19.6,30.6,20.2,39.2,34.2,1.0,26.4,27.6,E,44,,,nao_verificado,False,Egresso,,https://www.sofascore.com/pt/football/player/iago/869644,,,,,,,Muralha,17.1
1018095,Guilherme Pato,Internacional,ATA,25,160,Direito,CRB,Brasileirão Série B,2,4,T4→T2,250,3361,9,Baixa,260000,2026-11-30,False,2,≤12m · oportunidade,51.6,59.9,,45.9,79.3,0.87,51.2,57.4,E,4,,,nao_verificado,False,Egresso,,https://www.sofascore.com/pt/football/player/guilherme-pato/1018095,Duelista,83.8,Pressão e recuperação,82.6,Goleador,71.1,Driblador,17.6
1639250,William Gomes,São Paulo,ATA,20,171,Esquerdo,FC Porto,Liga Portugal Betclic,1,2,T2→T1,466,3333,16,Moderada,23000000,2029-06-30,False,33,Mais de 24m,55.1,73.3,65.6,64.1,32.7,1.0,64.9,58.5,A,2,,,nao_verificado,False,Egresso,,https://www.sofascore.com/pt/football/player/william-gomes/1639250,Criador,84.6,Duelista,81.5,Pressão e recuperação,79.4,Jogo aéreo,34.3
1047422,Raul Gustavo,Corinthians,ZAG,27,188,Esquerdo,New York City FC,MLS,3,4,T4→T3,1372,3279,2,Adequada,1500000,2027-12-31,False,15,12–24m,61.3,60.0,53.5,53.8,39.0,1.0,54.0,51.8,E,16,,,nao_verificado,False,Egresso,,https://www.sofascore.com/pt/football/player/raul-gustavo/1047422,Velocista,84.4,Muralha,72.0,Duelista,71.1,,
973738,Carlos Miguel,Internacional,GOL,27,204,Esquerdo,Palmeiras,Brasileirão Betano,1,3,T3→T1,2430,3273,0,Adequada,7700000,2030-07-31,False,46,Mais de 24m,51.4,74.4,42.8,72.4,14.4,1.0,63.6,56.2,C,2,,,nao_verificado,False,Egresso,,https://www.sofascore.com/pt/football/player/carlos-miguel/973738,Reflexo,83.7,,,,,,
1485309,Gabriel Moscardo,Corinthians,MEI,21,185,Direito,Espanyol,LaLiga,1,1,,173,3272,3,Baixa,7500000,2027-06-30,False,9,≤12m · oportunidade,81.0,33.1,37.2,39.4,45.7,1.0,54.0,52.8,D,20,,,nao_verificado,False,Egresso,,https://www.sofascore.com/pt/football/player/gabriel-moscardo/1485309,Duelista,81.3,Jogo aéreo,81.3,,,Criador,8.8
840081,Kaike,Internacional,LAT,31,172,Esquerdo,CSA,Brasileirão Série D,4,4,,10,3252,,Baixa,97000,,False,,Sem dado,,,,13.4,49.9,0.2,,,SD,,,,nao_verificado,False,Egresso,,https://www.sofascore.com/pt/football/player/kaike/840081,,,,,,,,
1634547,João Pedro,São Paulo,GOL,20,191,Direito,São Paulo U20,,4,4,,250,3190,0,Baixa,,2028-06-30,False,21,12–24m,47.2,39.3,,56.2,61.1,0.67,37.1,41.1,E,11,,,nao_verificado,False,No clube formador,Ainda no clube formador,https://www.sofascore.com/pt/football/player/joao-pedro-pantiga-gomes/1634547,,,,,,,Reflexo,33.3
1116954,Marquinhos,São Paulo,ATA,23,175,Esquerdo,Cruzeiro,Brasileirão Betano,1,1,,80,3173,3,Baixa,2400000,2028-12-31,False,27,Mais de 24m,57.4,22.7,,38.8,54.3,0.82,38.5,42.0,E,41,,,nao_verificado,False,Egresso,,https://www.sofascore.com/pt/football/player/marquinhos/1116954,Duelista,70.9,,,,,Driblador,0.0
1631908,Lucas Loss,São Paulo,ZAG,19,188,Esquerdo,Midtjylland U20,,4,2,T2→T4,300,3135,2,Baixa,,,False,,Sem dado,64.8,28.6,,28.1,66.3,0.6,37.2,42.1,E,29,,,nao_verificado,False,Egresso,,https://www.sofascore.com/pt/football/player/lucas-brunoro-motta-retsos-loss/1631908,Jogo aéreo,77.0,,,,,Muralha,9.1
1018093,Bruno Praxedes,Internacional,MEI,24,186,Esquerdo,Red Bull Bragantino,Brasileirão Betano,1,3,T3→T1,404,3091,4,Baixa,1100000,,False,,Sem dado,52.4,36.7,,42.3,59.0,0.85,44.8,47.2,E,33,,,nao_verificado,False,Egresso,,https://www.sofascore.com/pt/football/player/bruno-praxedes/1018093,Jogo aéreo,77.7,,,,,Construtor,33.1
959006,Caetano,Corinthians / Internacional,ZAG,27,182,Esquerdo,Vissel Kobe,J1 League,3,4,T4→T3,10,3051,0,Baixa,1000000,2027-06-30,False,9,≤12m · oportunidade,7.0,18.7,32.4,13.7,47.7,0.86,13.4,18.5,E,46,,,nao_verificado,False,Egresso,,https://www.sofascore.com/pt/football/player/caetano/959006,,,,,,,Velocista,0.0
1159656,Miguelito,Santos,MEI,22,177,Esquerdo,Santos,Brasileirão Betano,1,4,T4→T1,497,2948,13,Moderada,5300000,2029-05-31,False,32,Mais de 24m,52.5,60.0,62.0,48.9,42.5,1.0,55.8,53.8,E,17,,,nao_verificado,False,No clube formador,Ainda no clube formador,https://www.sofascore.com/pt/football/player/miguel-terceros/1159656,Driblador,83.9,Criador,82.2,Goleador,75.0,Jogo aéreo,28.3
1170773,Giovane,Corinthians,ATA,22,184,Esquerdo,SSC Napoli,Serie A,1,1,,1883,2883,6,Adequada,12600000,2030-06-30,False,45,Mais de 24m,42.7,49.9,70.9,66.8,33.4,1.0,53.4,49.4,C,22,,,nao_verificado,False,Egresso,,https://www.sofascore.com/pt/football/player/giovane/1170773,Driblador,85.3,,,,,Duelista,23.4
1170779,Ryan Gustavo,Corinthians,MEI,23,170,Esquerdo,Fortaleza,Brasileirão Série B,2,4,T4→T2,754,2862,2,Moderada,2900000,2026-12-31,False,3,≤12m · oportunidade,55.8,57.4,40.3,52.1,56.6,1.0,51.4,52.2,E,21,,,nao_verificado,False,Egresso,,https://www.sofascore.com/pt/football/player/ryan-gustavo/1170779,Construtor,77.4,Duelista,73.1,,,Velocista,17.5
973750,Pedro Lucas,Internacional,ATA,28,185,Direito,Sem equipe,PrvaLiga,4,4,,659,2837,12,Moderada,,,True,0,≤12m · oportunidade,68.3,57.1,,53.2,35.6,0.56,49.4,46.3,E,34,,,nao_verificado,False,Sem clube,Sem clube (mapeamento),https://www.sofascore.com/pt/football/player/pedro-lucas/973750,Jogo aéreo,80.5,Goleador,70.4,,,Driblador,20.6
1836799,Luis Osorio,São Paulo,ZAG,20,191,Esquerdo,São Paulo,Brasileirão Betano,1,3,T3→T1,422,2801,1,Baixa,,2030-02-28,False,41,Mais de 24m,23.2,37.2,44.7,34.0,50.0,0.96,31.8,34.5,E,37,,,nao_verificado,False,No clube formador,Ainda no clube formador,https://www.sofascore.com/pt/football/player/luis-osorio/1836799,,,,,,,Velocista,0.0
990170,Lucas Ramos,Internacional,MEI,25,173,Direito,Ypiranga FC,Brasileirão Série C,4,4,,533,2788,,Moderada,190000,2026-12-31,False,3,≤12m · oportunidade,77.3,65.1,44.1,46.9,80.3,0.68,53.7,57.7,B,4,,,nao_verificado,False,Egresso,,https://www.sofascore.com/pt/football/player/lucas-ramos/990170,Duelista,94.7,Driblador,91.1,,,,
944071,Rafael Santos,Flamengo,ZAG,28,190,Esquerdo,Bắc Ninh FC,V-League 1,4,4,,180,2706,0,Baixa,250000,2027-06-30,False,9,≤12m · oportunidade,82.5,61.8,,36.1,56.7,0.66,54.4,54.8,D,12,,,nao_verificado,False,Egresso,,https://www.sofascore.com/pt/football/player/rafael-santos/944071,Duelista,98.8,Jogo aéreo,75.3,,,,
1459764,Lorran,Flamengo,MEI,20,180,Esquerdo,Al-Sharjah,,4,4,,10,2666,6,Baixa,4200000,,False,,Sem dado,81.8,60.6,,17.3,47.9,0.77,53.1,52.2,D,21,,,nao_verificado,False,Egresso,,https://www.sofascore.com/pt/football/player/lorran/1459764,Duelista,100.0,Criador,100.0,Driblador,100.0,Pressão e recuperação,24.7
1016893,Luís Guilherme,Palmeiras,ATA,20,170,Esquerdo,Sporting CP,Liga Portugal Betclic,1,2,T2→T1,170,2608,3,Baixa,12500000,2030-06-30,False,45,Mais de 24m,53.4,49.6,,41.4,34.4,0.87,49.2,45.9,E,35,,,nao_verificado,False,Egresso,,https://www.sofascore.com/pt/football/player/luis-guilherme/1016893,Driblador,94.1,,,,,,
1170769,Léo Mana,Corinthians,LAT,22,179,Direito,Corinthians,Brasileirão Série B,2,3,T3→T2,225,2587,4,Baixa,455000,2029-12-31,False,39,Mais de 24m,31.6,48.4,,41.0,59.4,0.82,37.6,41.2,E,18,,,nao_verificado,False,No clube formador,Ainda no clube formador,https://www.sofascore.com/pt/football/player/leo-mana/1170769,Construtor,93.6,,,,,Driblador,0.0
1134203,Kauã Santos,Flamengo,GOL,23,196,Direito,Eintracht Frankfurt,,1,1,,90,2570,0,Baixa,6500000,2030-06-30,False,45,Mais de 24m,40.3,20.0,19.5,44.4,41.2,0.8,30.2,31.9,E,13,,,nao_verificado,False,Egresso,,https://www.sofascore.com/pt/football/player/kaua-dos-santos/1134203,,,,,,,Jogo com os pés,19.0
1002360,Talles Costa,São Paulo,MEI,24,176,Direito,Hapoel Ironi Kiryat Shmona,Israeli Premier League,4,4,,351,2442,0,Baixa,870000,2027-06-30,False,9,≤12m · oportunidade,61.2,53.7,,45.8,66.4,0.82,46.0,49.4,E,28,,,nao_verificado,False,Egresso,,https://www.sofascore.com/pt/football/player/talles-costa/1002360,Duelista,83.1,Driblador,75.0,,,Velocista,0.0
988780,Ivonei,Santos,MEI,24,178,Direito,Al Bataeh,UAE Pro League,3,3,,766,2409,5,Moderada,370000,,False,,Sem dado,61.0,62.9,,48.5,73.8,0.8,55.3,58.4,A,3,,,nao_verificado,False,Egresso,,https://www.sofascore.com/pt/football/player/ivonei/988780,Construtor,86.8,Duelista,73.7,,,Velocista,22.5
1015288,Netto,Internacional,ATA,28,174,Direito,AA Altos,,4,4,,0,2405,2,Baixa,280000,,False,,Sem dado,,,,16.6,46.8,0.23,,,SD,,,,nao_verificado,False,Egresso,,https://www.sofascore.com/pt/football/player/netto/1015288,,,,,,,,
1807899,Henrique Carmo,São Paulo,ATA,19,173,Esquerdo,CSKA Moscow,Russian Premier League,2,2,,87,2348,5,Baixa,3800000,2030-06-30,False,45,Mais de 24m,71.1,55.0,62.6,27.8,45.7,1.0,53.1,51.6,D,15,,,nao_verificado,False,Egresso,,https://www.sofascore.com/pt/football/player/henrique/1807899,Driblador,94.1,Duelista,93.6,,,Pressão e recuperação,14.9
1002617,Matheus Araújo,Corinthians,MEI,24,176,Direito,Ceará,Brasileirão Série B,2,4,T4→T2,1115,2310,5,Adequada,1400000,2027-12-31,False,15,12–24m,59.9,45.7,47.4,55.4,56.9,1.0,50.3,51.3,E,25,,,nao_verificado,False,Egresso,,https://www.sofascore.com/pt/football/player/matheus-araujo/1002617,Goleador,84.2,Velocista,77.5,,,Pressão e recuperação,29.8
2261759,Mossoró,Internacional,MEI,30,179,Direito,XV de Piracicaba,,4,4,,104,2270,1,Baixa,,,False,,Sem dado,67.8,38.5,,24.0,14.8,0.51,41.2,36.8,D,52,,,nao_verificado,False,Egresso,,https://www.sofascore.com/pt/football/player/victor-hugo-da-silva-nunes/2261759,Duelista,83.9,,,,,Driblador,0.0
1597267,Luighi Hanri,Palmeiras,ATA,20,182,Direito,New York City FC,MLS,3,4,T4→T3,526,2167,16,Moderada,4100000,2026-12-31,False,3,≤12m · oportunidade,41.6,58.1,37.6,57.0,58.6,1.0,46.2,48.7,E,26,,,nao_verificado,False,Egresso,,https://www.sofascore.com/pt/football/player/luighi/1597267,Goleador,90.6,,,,,Criador,13.7
1002528,Patryck,São Paulo,LAT,23,180,Esquerdo,Juventude,Brasileirão Série B,2,4,T4→T2,481,2144,0,Moderada,1100000,2026-12-31,False,3,≤12m · oportunidade,26.4,28.4,31.9,47.4,66.4,1.0,28.7,34.4,E,23,,,nao_verificado,False,Egresso,,https://www.sofascore.com/pt/football/player/patryck/1002528,,,,,,,Velocista,5.6
1645868,Guilherme Gomes,Flamengo,MEI,20,181,Direito,Gil Vicente,,2,2,,480,2058,9,Moderada,,2030-06-30,False,45,Mais de 24m,44.6,37.8,51.6,50.1,51.5,0.66,41.5,43.0,E,46,,,nao_verificado,False,Egresso,,https://www.sofascore.com/pt/football/player/guilherme/1645868,Driblador,76.8,,,,,Construtor,20.1
1883363,Ryan Roberto,Flamengo,ATA,18,178,Direito,Shakhtar Donetsk,,2,2,,25,2027,19,Baixa,9300000,2031-06-30,False,57,Mais de 24m,19.4,33.5,,33.9,33.4,0.53,27.2,28.6,E,61,,,nao_verificado,False,Egresso,,https://www.sofascore.com/pt/football/player/ryan-roberto-de-oliveira/1883363,,,,,,,Driblador,0.0
1199435,Lucca,Internacional,ATA,23,180,Direito,Ceará,Brasileirão Série B,2,4,T4→T2,1087,2003,1,Adequada,650000,2027-12-31,False,15,12–24m,55.3,35.7,38.3,59.3,67.4,1.0,44.3,48.9,E,24,,,nao_verificado,False,Egresso,,https://www.sofascore.com/pt/football/player/lucca/1199435,,,,,,,Velocista,26.9
1937658,Denner,Corinthians,LAT,18,176,Esquerdo,Chelsea U21,,4,1,T1→T4,108,1993,4,Baixa,10500000,2032-06-30,False,69,Mais de 24m,,,,26.3,27.6,0.22,,,SD,,,,nao_verificado,False,Egresso,,https://www.sofascore.com/pt/football/player/denner-evangelista/1937658,,,,,,,,
1092614,Pedro Rangel,Fluminense,GOL,26,192,Direito,Coritiba,Brasileirão Betano,1,4,T4→T1,1474,1924,0,Adequada,1100000,2028-12-31,False,27,Mais de 24m,65.3,52.9,76.1,50.1,41.3,1.0,58.8,56.2,A,2,,,nao_verificado,False,Egresso,,https://www.sofascore.com/pt/football/player/pedro-rangel/1092614,,,,,,,Jogo com os pés,30.9
1485220,Gustavo Prado,Internacional,ATA,21,179,Direito,Dynamo Kyiv,Brasileirão Série B,2,2,,98,1903,,Baixa,2400000,2027-06-30,False,9,≤12m · oportunidade,36.6,54.5,25.0,33.8,61.5,0.78,39.2,43.7,E,40,,,nao_verificado,False,Egresso,,https://www.sofascore.com/pt/football/player/gustavo-prado/1485220,Criador,94.1,Driblador,94.1,Pressão e recuperação,86.5,Goleador,1.4
1002435,Gabriel Noga,Flamengo,ZAG,24,183,Direito,AB,Betinia Liga,4,2,T2→T4,367,1887,0,Baixa,310000,2028-06-30,False,21,12–24m,50.2,56.1,,32.1,71.3,0.86,39.8,45.1,E,26,,,nao_verificado,False,Egresso,,https://www.sofascore.com/pt/football/player/gabriel-noga/1002435,,,,,,,,
1485218,Gabriel Carvalho,Internacional,ATA,19,168,Direito,Shakhtar Donetsk,Ukrainian Premier League,2,4,T4→T2,103,1849,,Baixa,13100000,2027-06-30,False,9,≤12m · oportunidade,45.7,29.3,,35.7,43.8,0.53,34.7,36.7,E,53,,,nao_verificado,False,Egresso,,https://www.sofascore.com/pt/football/player/gabriel-teixeira/1485218,,,,,,,Goleador,27.9
1389980,Kevyson,Santos,LAT,22,174,Esquerdo,Ponte Preta,Brasileirão Série B,2,4,T4→T2,1196,1838,0,Adequada,870000,2026-12-31,False,3,≤12m · oportunidade,59.9,45.9,28.4,53.4,67.9,1.0,48.0,51.0,E,10,emprestimo,Santos,vermelho,False,Egresso,,https://www.sofascore.com/pt/football/player/kevyson/1389980,Driblador,85.0,,,,,Velocista,27.8
1485598,Felipe Negrucci,São Paulo,MEI,22,180,Direito,Athletic Club,Brasileirão Série B,2,4,T4→T2,563,1803,2,Moderada,1000000,2026-12-31,False,3,≤12m · oportunidade,53.6,35.9,,47.0,64.8,0.88,43.3,46.9,E,34,,,nao_verificado,False,Egresso,,https://www.sofascore.com/pt/football/player/felipe-negrucci/1485598,Velocista,82.5,,,,,Driblador,16.1
1200730,Rodriguinho,São Paulo,MEI,22,185,Direito,Red Bull Bragantino,Brasileirão Betano,1,3,T3→T1,883,1718,1,Moderada,6200000,2030-12-31,False,51,Mais de 24m,37.6,47.1,59.6,49.9,37.3,1.0,45.0,43.8,E,44,,,nao_verificado,False,Egresso,,https://www.sofascore.com/pt/football/player/rodriguinho/1200730,Goleador,70.0,,,,,Duelista,27.1
1105596,Matheus Cadorini,Internacional,ATA,24,192,Direito,Portuguesa,Brasileirão Série D,4,4,,68,1629,,Baixa,190000,2028-12-10,False,26,Mais de 24m,88.6,9.8,,21.9,68.9,0.53,33.2,41.1,D,44,,,nao_verificado,False,Egresso,,https://www.sofascore.com/pt/football/player/matheus-cadorini/1105596,Jogo aéreo,93.7,Duelista,80.9,,,Driblador,0.0
1482346,Da Mata,Flamengo,ZAG,20,186,Direito,Konyaspor,,2,2,,390,1627,2,Baixa,245000,2029-06-30,False,33,Mais de 24m,75.8,40.0,23.9,38.3,71.2,0.78,49.9,53.1,D,14,,,nao_verificado,False,Egresso,,https://www.sofascore.com/pt/football/player/da-mata/1482346,Duelista,79.5,Jogo aéreo,74.1,,,Muralha,22.8
1002609,Matheus Donelli,Corinthians,GOL,24,187,Direito,Shabab Al-Ahli Dubai,UAE Pro League,3,4,T4→T3,90,1620,0,Baixa,970000,2026-12-31,False,3,≤12m · oportunidade,4.2,10.7,16.7,38.7,70.9,0.87,13.2,21.9,E,14,,,nao_verificado,False,Egresso,,https://www.sofascore.com/pt/football/player/matheus-donelli/1002609,,,,,,,Reflexo,0.0
974555,Walce Costa,São Paulo,ZAG,27,188,Ambos,Ypiranga FC,Brasileirão Série C,4,4,,760,1429,,Moderada,655000,2026-10-27,False,1,≤12m · oportunidade,82.0,40.7,26.5,36.4,59.1,0.78,45.3,47.4,B,24,,,nao_verificado,False,Egresso,,https://www.sofascore.com/pt/football/player/walce/974555,Duelista,89.8,Jogo aéreo,78.5,,,Muralha,25.0
1483340,Ricardo Mathias,Internacional,ATA,20,192,Direito,Al-Shabab,Saudi Pro League,3,4,T4→T3,90,1348,,Baixa,7100000,2027-06-30,False,9,≤12m · oportunidade,40.1,30.7,,39.8,51.1,0.8,33.1,37.1,E,52,,,nao_verificado,False,Egresso,,https://www.sofascore.com/pt/football/player/ricardo-mathias/1483340,Jogo aéreo,71.5,,,,,Driblador,0.0
1835768,Luis Otávio,Internacional,MEI,19,181,Direito,Orlando City SC,MLS,3,4,T4→T3,987,1225,0,Adequada,3200000,2028-06-30,False,21,12–24m,81.7,56.7,31.8,48.4,48.4,1.0,58.1,56.6,A,7,,,nao_verificado,False,Egresso,,https://www.sofascore.com/pt/football/player/luis-otavio/1835768,Duelista,90.8,Velocista,87.5,Construtor,77.6,Criador,19.0
1170955,Petterson,Flamengo,ATA,22,181,Direito,Brusque,Brasileirão Série C,4,4,,1681,1223,3,Adequada,680000,2027-07-31,False,10,≤12m · oportunidade,49.8,48.3,43.5,59.5,67.8,0.72,41.2,46.5,E,33,,,nao_verificado,False,Egresso,,https://www.sofascore.com/pt/football/player/petterson/1170955,Driblador,97.1,Duelista,82.3,,,Jogo aéreo,28.1
1597264,Esquerdinha,Fluminense,LAT,20,180,Esquerdo,Queens Park Rangers U21,Championship,4,4,,622,1192,0,Moderada,2900000,,False,,Sem dado,71.8,41.3,,38.5,46.0,0.84,45.3,45.4,B,16,,,nao_verificado,False,Egresso,,https://www.sofascore.com/pt/football/player/esquerdinha/1597264,Duelista,79.1,,,,,Criador,28.9
1656025,João Fernandes,Santos,GOL,22,190,Esquerdo,Confiança,,4,4,,0,1175,0,Baixa,,,False,,Sem dado,36.1,,,18.1,66.7,0.3,,,SD,,,,nao_verificado,False,Egresso,,https://www.sofascore.com/pt/football/player/joao-fernandes/1656025,,,,,,,,
795258,Adniellyson Silva,Internacional,MEI,31,183,Direito,Santa Cruz,Brasileirão Série C,4,4,,1058,1175,0,Adequada,45000,2026-10-31,False,1,≤12m · oportunidade,69.1,21.4,10.0,53.6,60.9,0.69,35.7,39.5,E,49,,,nao_verificado,False,Egresso,,https://www.sofascore.com/pt/football/player/silva/795258,Duelista,83.1,,,,,Driblador,8.9
1804801,Fellipe Jack,Palmeiras,ZAG,20,190,Esquerdo,Cremonese,Serie B,2,1,T1→T2,19,1104,1,Baixa,2300000,2027-06-30,False,9,≤12m · oportunidade,28.4,47.2,,7.7,56.6,0.74,29.0,33.6,E,39,,,nao_verificado,False,Egresso,,https://www.sofascore.com/pt/football/player/fellipe-jack/1804801,,,,,,,Velocista,0.0
1382913,Arthur Wenderroscky,Fluminense,MEI,21,172,Esquerdo,Club Always Ready,Botola Pro,4,2,T2→T4,34,1085,0,Baixa,225000,,False,,Sem dado,43.2,59.2,,10.9,78.5,0.49,37.1,44.0,E,43,,,nao_verificado,False,Egresso,,https://www.sofascore.com/pt/football/player/arthur-wenderroscky/1382913,Driblador,100.0,,,,,Jogo aéreo,5.8
2063705,Kauê Furquim,Corinthians,ATA,17,173,Esquerdo,Bahia U20,Brasileirão Betano,4,4,,0,1023,3,Baixa,,,False,,Sem dado,,,57.1,7.9,60.1,0.33,,,SD,,,,nao_verificado,False,Egresso,,https://www.sofascore.com/pt/football/player/kaue-junior-furquim/2063705,,,,,,,,
1134199,Cleiton,Flamengo,ZAG,23,194,Esquerdo,VfL Wolfsburg,2. Bundesliga,2,1,T1→T2,155,926,0,Baixa,775000,2030-06-30,False,45,Mais de 24m,66.9,66.3,,27.5,57.5,0.88,55.9,56.2,D,7,,,nao_verificado,False,Egresso,,https://www.sofascore.com/pt/football/player/cleiton-santana/1134199,Muralha,76.9,Jogo aéreo,70.0,,,Velocista,0.0
1502955,Fabrício Yan,Flamengo,MEI,22,185,Direito,NK Veres Rivne,Ukrainian Premier League,2,2,,516,882,1,Moderada,325000,2028-12-31,False,27,Mais de 24m,45.3,22.2,,46.8,66.7,0.55,34.5,39.9,E,47,,,nao_verificado,False,Egresso,,https://www.sofascore.com/pt/football/player/fabricio-yan/1502955,,,,,,,Construtor,11.2
1116660,Estêvão,Internacional,MEI,24,176,Esquerdo,CRB,Brasileirão Série C,4,4,,61,878,,Baixa,73000,2026-11-30,False,2,≤12m · oportunidade,19.9,60.1,,12.6,84.2,0.85,28.7,38.0,E,50,,,nao_verificado,False,Egresso,,https://www.sofascore.com/pt/football/player/estevao/1116660,Pressão e recuperação,91.6,Criador,88.4,Driblador,85.7,Duelista,19.0
1111123,Cipriano,Fluminense,ZAG,23,195,Esquerdo,Brusque,Brasileirão Série C,4,4,,1585,647,0,Adequada,245000,2026-10-31,False,1,≤12m · oportunidade,88.8,44.3,24.8,54.2,83.6,0.78,50.9,55.8,B,10,emprestimo,APOEL,nao_verificado,False,Egresso,,https://www.sofascore.com/pt/football/player/cipriano/1111123,Duelista,93.2,Jogo aéreo,86.9,,,Muralha,26.1
2057319,Wesley Dual,Palmeiras,MEI,20,169,Direito,Beroe Stara Zagora,Parva Liga,2,2,,586,634,0,Moderada,47000,2027-06-30,False,9,≤12m · oportunidade,54.7,41.5,,36.1,79.0,0.55,44.6,50.3,E,26,,,nao_verificado,False,Egresso,,https://www.sofascore.com/pt/football/player/wesley-dual/2057319,Duelista,78.6,,,,,Goleador,17.0
905340,Anibal Vega,Palmeiras,ATA,26,180,Direito,Resistencia FC,División Intermedia,4,4,,1161,598,1,Adequada,97000,2026-12-31,False,3,≤12m · oportunidade,61.1,45.8,,54.3,64.5,0.53,43.5,48.2,E,28,,,nao_verificado,False,Egresso,,https://www.sofascore.com/pt/football/player/anibal-vega/905340,,,,,,,Driblador,8.8
1199400,Allison,Internacional,MEI,24,177,Direito,Ypiranga FC,Brasileirão Série C,4,4,,745,543,3,Moderada,,,False,,Sem dado,57.0,47.3,36.7,44.2,68.9,0.63,40.8,45.0,E,40,,,nao_verificado,False,Egresso,,https://www.sofascore.com/pt/football/player/allison/1199400,Goleador,92.8,Driblador,73.2,Duelista,72.3,,
1466551,Matheus Belém,São Paulo,ZAG,23,186,Esquerdo,São Paulo,,3,3,,170,246,0,Baixa,865000,2026-12-31,False,3,≤12m · oportunidade,14.2,18.8,,26.1,70.3,0.82,16.7,25.6,E,45,,,nao_verificado,False,No clube formador,Ainda no clube formador,https://www.sofascore.com/pt/football/player/matheus-belem/1466551,,,,,,,Duelista,0.0
1485233,Kauan,Internacional,GOL,23,192,Direito,Internacional,,3,3,,0,180,0,Baixa,,2027-12-31,False,15,12–24m,55.6,,,14.5,65.0,0.33,,,SD,,,,nao_verificado,False,No clube formador,Já no elenco do Inter,https://www.sofascore.com/pt/football/player/kauan/1485233,,,,,,,,
1878437,Lucca Drummond,Internacional,ATA,22,191,Direito,Sem equipe,,4,4,,0,158,0,Baixa,,,True,0,≤12m · oportunidade,,,,6.1,72.8,0.15,,,SD,,,,nao_verificado,False,Sem clube,Sem clube (mapeamento),https://www.sofascore.com/pt/football/player/lucca-drummond/1878437,,,,,,,,
1888163,Raykkonen Pereira Soares,Internacional,ATA,18,187,Direito,Internacional U17,Brasileirão Betano,4,4,,0,157,,Baixa,,,False,,Sem dado,,,,5.2,60.1,0.13,,,SD,,,,nao_verificado,False,No clube formador,Ainda no clube formador,https://www.sofascore.com/pt/football/player/raykkonen-pereira-soares/1888163,,,,,,,,
1170767,Andrey Quintino,Santos,ATA,24,176,Direito,São Caetano U23,Brasileirão Série C,4,4,,61,102,0,Baixa,,,False,,Sem dado,62.7,41.9,,15.9,60.1,0.47,35.9,41.3,E,43,,,nao_verificado,False,Egresso,,https://www.sofascore.com/pt/football/player/andrey-quintino/1170767,Driblador,94.1,Jogo aéreo,72.1,,,Goleador,1.4
1066714,Ed Carlos,Santos,MEI,25,187,Esquerdo,Botafogo-PB,,4,4,,51,82,0,Baixa,435000,,False,,Sem dado,75.1,61.0,,24.1,72.0,0.52,51.4,54.8,D,13,,,nao_verificado,False,Egresso,,https://www.sofascore.com/pt/football/player/ed-carlos/1066714,Driblador,85.7,Duelista,82.2,,,Goleador,10.8
1182808,Lincon,Palmeiras,MEI,24,175,Direito,Sem equipe,,4,4,,71,71,0,Baixa,,,True,0,≤12m · oportunidade,14.7,39.8,,10.9,78.6,0.48,19.8,29.6,E,58,,,nao_verificado,False,Egresso,,https://www.sofascore.com/pt/football/player/lincon/1182808,Driblador,100.0,,,,,Goleador,10.8
2112537,Yago Ferreira dos Santos,Fluminense,MEI,17,,,Maricá FC U17,,4,4,,50,50,0,Baixa,,,False,,Sem dado,,,,6.8,68.9,0.12,,,SD,,,,nao_verificado,False,Egresso,,https://www.sofascore.com/pt/football/player/yago-ferreira-dos-santos/2112537,,,,,,,,
2026957,Isaac Xavier,Fluminense,ATA,21,170,Direito,EC São Bernardo U20,,4,4,,38,38,0,Baixa,,,False,,Sem dado,52.4,35.9,,11.7,60.1,0.44,30.0,36.7,E,53,,,nao_verificado,False,Egresso,,https://www.sofascore.com/pt/football/player/isaac-xavier-de-oliveira-cabral/2026957,Duelista,100.0,Driblador,100.0,,,Goleador,1.4
1835889,Allan,Palmeiras,ATA,22,175,Esquerdo,Manchester City,,1,1,,71,,,Baixa,22000000,2031-06-30,False,57,Mais de 24m,40.8,73.1,73.7,52.1,28.1,0.75,59.1,52.9,D,11,,,nao_verificado,False,Egresso,,https://www.sofascore.com/pt/football/player/allan/1835889,Driblador,94.1,Goleador,88.2,Criador,76.5,Jogo aéreo,22.9
1485371,Deivid Washington,Santos,ATA,21,186,Direito,RC Strasbourg,,2,2,,49,,,Baixa,3100000,2031-06-30,False,57,Mais de 24m,59.3,38.5,,21.1,45.8,0.65,40.1,41.4,E,42,,,nao_verificado,False,Egresso,,https://www.sofascore.com/pt/football/player/deivid-washington/1485371,Driblador,82.4,Jogo aéreo,71.2,,,Goleador,1.4
1590315,Enzo Duscov Boer,Santos,ATA,21,170,Esquerdo,Santos,,4,4,,110,,,Baixa,,2026-12-31,False,3,≤12m · oportunidade,25.1,19.8,,48.2,69.9,0.42,22.8,33.3,E,57,,,nao_verificado,False,No clube formador,Ainda no clube formador,https://www.sofascore.com/pt/football/player/enzo-duscov-boer/1590315,Driblador,94.1,,,,,Goleador,1.4
2262597,Gabriel Stevanato,São Paulo,ATA,,,,Marshall Thundering Herd,,4,4,,215,,,Baixa,,,False,,Sem dado,72.8,12.4,,48.3,,0.38,34.2,34.2,D,55,,,nao_verificado,False,Egresso,,https://www.sofascore.com/pt/football/player/gabriel-stevanato/2262597,Jogo aéreo,88.2,,,,,Goleador,7.4
1589758,Gustavo Santana,São Paulo,ATA,21,183,Direito,São Paulo,Brasileirão Betano,1,3,T3→T1,185,,,Baixa,,2028-10-31,False,25,Mais de 24m,50.6,45.5,42.9,57.8,53.8,0.87,49.1,50.0,E,21,,,nao_verificado,False,No clube formador,Ainda no clube formador,https://www.sofascore.com/pt/football/player/gustavo-domingos-santana/1589758,Goleador,83.8,,,,,Driblador,0.0
990454,João Neto,Fluminense,ATA,23,187,Direito,Paços de Ferreira,,4,4,,200,,,Baixa,130000,2027-06-30,False,9,≤12m · oportunidade,,,,66.7,77.1,0.23,,,SD,,,,nao_verificado,False,Egresso,,https://www.sofascore.com/pt/football/player/joao-neto/990454,,,,,,,,
1631907,Lucas Ferreira,São Paulo,ATA,20,187,Esquerdo,Shakhtar Donetsk,Ukrainian Premier League,2,2,,142,,,Baixa,7200000,2030-06-30,False,45,Mais de 24m,40.3,35.1,45.4,47.6,39.1,0.59,38.4,38.5,E,49,,,nao_verificado,False,Egresso,,https://www.sofascore.com/pt/football/player/lucas-dos-santos-ferreira/1631907,,,,,,,Goleador,19.1
1116593,Matheus França,Flamengo,ATA,22,184,Direito,FC Alverca,Liga Portugal Betclic,1,2,T2→T1,41,,,Baixa,6200000,2028-06-30,False,21,12–24m,38.6,28.3,,18.7,47.0,0.73,29.9,33.7,E,56,,,nao_verificado,False,Egresso,,https://www.sofascore.com/pt/football/player/matheus-franca/1116593,Driblador,100.0,,,,,Velocista,0.0
2191860,Robinho Júnior,Santos,ATA,18,170,Ambos,Genoa,,4,4,,124,,,Baixa,5500000,2027-06-30,False,9,≤12m · oportunidade,47.8,78.5,,50.2,53.8,0.47,50.4,51.2,D,17,,,nao_verificado,False,Egresso,,https://www.sofascore.com/pt/football/player/robson-junior/2191860,Goleador,100.0,Driblador,100.0,Duelista,94.1,Jogo aéreo,14.7
1105305,Rodrigo Varanda,Corinthians,ATA,23,178,Direito,Borneo FC Samarinda,,4,4,,173,,,Baixa,970000,,False,,Sem dado,61.6,74.7,,63.9,64.7,0.44,55.5,57.5,D,3,,,nao_verificado,False,Egresso,,https://www.sofascore.com/pt/football/player/rodrigo-varanda/1105305,Duelista,97.0,Goleador,82.3,Driblador,76.5,Jogo aéreo,26.1
1647589,Shola Ogundana,Flamengo,ATA,21,172,Direito,Dynamo Kyiv,Ukrainian Premier League,2,2,,888,,,Moderada,860000,2029-06-30,False,33,Mais de 24m,54.2,37.2,36.5,81.3,59.4,0.62,48.2,50.4,E,19,,,nao_verificado,False,Egresso,,https://www.sofascore.com/pt/football/player/oluwashola-ogundana/1647589,Driblador,73.5,,,,,Goleador,20.6
1485295,Thalys,Palmeiras,ATA,21,183,Esquerdo,Almería,LaLiga 2,2,1,T1→T2,24,,,Baixa,3900000,2031-06-30,False,57,Mais de 24m,68.1,59.2,52.9,14.0,42.8,0.78,50.1,48.6,D,27,,,nao_verificado,False,Egresso,,https://www.sofascore.com/pt/football/player/thalys/1485295,Goleador,100.0,Driblador,94.1,Jogo aéreo,75.7,Criador,5.8
1466084,Wallace Yan,Flamengo,ATA,21,182,Direito,Red Bull Bragantino,Brasileirão Betano,1,3,T3→T1,216,,,Baixa,5200000,2027-12-31,False,15,12–24m,69.0,49.7,,57.3,50.8,0.77,58.2,56.6,D,5,,,nao_verificado,False,Egresso,,https://www.sofascore.com/pt/football/player/wallace/1466084,Criador,97.2,Velocista,88.5,,,Goleador,25.3
1587799,Aranha,Palmeiras,GOL,21,190,Direito,Moreirense,,3,3,,0,,,Baixa,,2027-06-30,False,9,≤12m · oportunidade,36.1,,,11.1,71.4,0.27,,,SD,,,,nao_verificado,False,No clube formador,Ainda no clube formador,https://www.sofascore.com/pt/football/player/aranha/1587799,,,,,,,,
1836064,Breno Sossai,Santos,GOL,25,187,Direito,Monte Azul,,4,4,,90,0,0,Baixa,,,False,,Sem dado,8.3,61.6,,28.7,66.7,0.6,30.6,36.6,E,12,,,nao_verificado,False,Egresso,,https://www.sofascore.com/pt/football/player/sossai-breno-silvano/1836064,,,,,,,Saída e jogo aéreo,8.3
1066552,Emerson Júnior,Internacional,GOL,26,195,Direito,Inter de Limeira,Brasileirão Série C,4,2,T2→T4,1260,0,0,Adequada,91000,,False,,Sem dado,72.2,68.8,,42.0,61.8,0.67,53.0,54.5,B,4,,,nao_verificado,False,Egresso,,https://www.sofascore.com/pt/football/player/emerson-junior/1066552,Jogo com os pés,73.8,Saída e jogo aéreo,72.2,,,,
1106144,Gustavo Ramalho,Fluminense,GOL,24,204,Direito,Varzim SC,,4,4,,101,,,Baixa,105000,2027-06-30,False,9,≤12m · oportunidade,94.4,1.8,,54.2,77.8,0.63,35.3,42.4,D,9,,,nao_verificado,False,Egresso,,https://www.sofascore.com/pt/football/player/gustavo-ramalho/1106144,Saída e jogo aéreo,94.4,,,,,Reflexo,4.8
1167067,Kaique,Palmeiras,GOL,23,190,Direito,Sporting CP,Liga Portugal Betclic,1,2,T2→T1,0,,,Baixa,2200000,2031-06-30,False,57,Mais de 24m,36.1,,,11.1,45.8,0.37,,,SD,,,,nao_verificado,False,Egresso,,https://www.sofascore.com/pt/football/player/kaique/1167067,,,,,,,,
1493107,Leandro Mathias,São Paulo,GOL,21,187,Esquerdo,Botafogo-PB,Brasileirão Série C,4,4,,90,,,Baixa,,,False,,Sem dado,8.3,89.3,,43.1,66.7,0.53,43.5,47.4,D,7,,,nao_verificado,False,Egresso,,https://www.sofascore.com/pt/football/player/leandro-mathias/1493107,Reflexo,100.0,,,,,Saída e jogo aéreo,8.3
2082058,Angelo Candido,São Paulo,LAT,17,181,Direito,São Paulo U17,,4,4,,468,,,Moderada,,,False,,Sem dado,55.0,57.0,59.4,59.2,58.6,0.57,46.5,48.3,E,14,,,nao_verificado,False,No clube formador,Ainda no clube formador,https://www.sofascore.com/pt/football/player/angelo-candido/2082058,Driblador,95.0,,,,,Muralha,5.0
1185449,Jhonny,Fluminense,LAT,24,179,Direito,Fluminense,Brasileirão Série B,2,4,T4→T2,45,,,Baixa,330000,2027-12-31,False,15,12–24m,59.3,25.0,14.7,14.9,71.6,0.61,34.9,40.4,E,19,,,nao_verificado,False,No clube formador,Ainda no clube formador,https://www.sofascore.com/pt/football/player/jhonny/1185449,Construtor,72.5,Duelista,70.0,,,Driblador,0.0
1482361,João Pedro Chermont,Santos,LAT,20,181,Direito,Al-Sharjah,Brasileirão Betano,1,4,T4→T1,1043,,,Adequada,4300000,2029-06-30,False,33,Mais de 24m,23.3,46.4,36.3,74.1,41.6,0.96,39.0,39.4,E,21,,,nao_verificado,False,Egresso,,https://www.sofascore.com/pt/football/player/joao-pedro-chermont/1482361,,,,,,,Velocista,16.7
1411222,Kauan Santos,Palmeiras,LAT,22,165,Direito,Shabab Al-Ahli Dubai,UAE Pro League,3,4,T4→T3,181,,,Baixa,1400000,,False,,Sem dado,65.6,63.5,34.8,40.3,59.9,0.84,53.6,54.5,D,7,,,nao_verificado,False,Egresso,,https://www.sofascore.com/pt/football/player/kauan-santos/1411222,Construtor,90.0,Duelista,86.3,,,Muralha,30.0
1631686,Léo Jance,Fluminense,LAT,21,175,Esquerdo,Náutico,Brasileirão Série B,2,4,T4→T2,180,,,Baixa,,2026-12-31,False,3,≤12m · oportunidade,44.0,49.0,,36.2,67.5,0.78,42.8,46.9,E,15,,,nao_verificado,False,Egresso,,https://www.sofascore.com/pt/football/player/leonardo-de-oliveira-jance/1631686,Driblador,80.0,Velocista,77.8,Muralha,70.0,,
1482340,Souza,Santos,LAT,20,179,Esquerdo,FC Porto,Premier League,1,4,T4→T1,144,,,Baixa,12400000,2027-06-30,False,9,≤12m · oportunidade,14.2,30.2,49.2,38.5,40.3,0.94,26.8,28.8,E,28,,,nao_verificado,False,Egresso,,https://www.sofascore.com/pt/football/player/souza/1482340,,,,,,,Duelista,0.0
1199430,Zé Welinton,Flamengo,LAT,22,174,Esquerdo,Al-Dhafra,UAE Pro League,3,4,T4→T3,153,,,Baixa,155000,,False,,Sem dado,40.4,57.8,,35.7,76.5,0.76,43.0,48.6,E,13,,,nao_verificado,False,Egresso,,https://www.sofascore.com/pt/football/player/ze-welinton/1199430,Driblador,90.0,Muralha,80.0,,,Criador,23.9
1485196,Caio Garcia,Flamengo,MEI,22,181,Direito,Flamengo,Brasileirão Série C,4,4,,85,,,Baixa,,,False,,Sem dado,87.9,70.5,,19.4,68.9,0.48,58.9,60.6,D,2,,,nao_verificado,False,Egresso,,https://www.sofascore.com/pt/football/player/caio-vinicius/1485196,Duelista,94.7,Construtor,87.1,Jogo aéreo,86.3,Goleador,10.8
1002399,Daniel Cabral,Flamengo,MEI,24,174,Direito,Paide Linnameeskond,,4,4,,1541,,,Adequada,180000,2028-12-31,False,27,Mais de 24m,61.5,50.0,28.8,86.1,71.8,0.65,46.3,50.1,E,27,,,nao_verificado,False,Egresso,,https://www.sofascore.com/pt/football/player/daniel-cabral/1002399,Driblador,87.5,Goleador,85.8,Duelista,83.9,,
1894087,Erick Nunes,Fluminense,MEI,22,180,Direito,Cercle Brugge,,4,4,,175,,,Baixa,580000,2029-06-30,False,33,Mais de 24m,64.6,34.1,,33.1,61.0,0.83,39.5,43.1,E,45,,,nao_verificado,False,Egresso,,https://www.sofascore.com/pt/football/player/erick-nunes/1894087,Goleador,79.2,Driblador,78.6,Duelista,73.5,Construtor,11.8
1587927,Hugo Leonardo,São Paulo,MEI,22,175,Direito,Mito Hollyhock,Brasileirão Betano,1,4,T4→T1,144,,,Baixa,,2027-06-30,False,9,≤12m · oportunidade,82.9,71.1,,51.1,66.8,0.49,73.9,72.7,D,1,,,nao_verificado,False,Egresso,,https://www.sofascore.com/pt/football/player/hugo-leonardo-nunes-fernandes-santos/1587927,Duelista,98.2,Construtor,84.4,Jogo aéreo,74.3,Driblador,0.0
1656040,Hyan,Santos,MEI,22,184,Direito,Avaí,Brasileirão Série B,2,4,T4→T2,58,,,Baixa,310000,2026-12-31,False,3,≤12m · oportunidade,61.1,47.2,,12.8,77.0,0.83,46.6,51.7,E,23,,,nao_verificado,False,Egresso,,https://www.sofascore.com/pt/football/player/hyan/1656040,,,,,,,Driblador,0.0
1485601,Iba Ly,São Paulo,MEI,23,175,Direito,Juventude,Brasileirão Série B,2,4,T4→T2,65,,,Baixa,275000,2026-12-31,False,3,≤12m · oportunidade,49.5,58.8,,15.0,78.1,0.82,46.2,51.5,E,24,,,nao_verificado,False,Egresso,,https://www.sofascore.com/pt/football/player/iba-ly/1485601,Driblador,100.0,Pressão e recuperação,96.4,Construtor,70.6,Velocista,10.0
2057364,Larson,Palmeiras,MEI,21,183,Direito,Palmeiras,Brasileirão Betano,1,3,T3→T1,75,,,Baixa,420000,2030-12-31,False,51,Mais de 24m,18.3,60.1,45.5,17.2,60.3,0.94,36.1,39.7,E,48,,,nao_verificado,False,No clube formador,Ainda no clube formador,https://www.sofascore.com/pt/football/player/larson/2057364,Construtor,81.5,Driblador,78.6,Goleador,72.6,Duelista,8.0
1067648,Pedro Lima,Palmeiras,MEI,23,184,Esquerdo,Sporting CP,Liga Portugal Betclic,1,2,T2→T1,14,,,Baixa,3200000,2031-06-30,False,57,Mais de 24m,76.6,59.2,39.3,7.4,40.0,0.91,57.9,55.2,D,9,,,nao_verificado,False,Egresso,,https://www.sofascore.com/pt/football/player/pedro-lima/1067648,Driblador,100.0,Duelista,98.8,Pressão e recuperação,75.0,Velocista,0.0
1884816,Wallace Davi,Fluminense,MEI,19,185,Direito,Botafogo,,4,4,,45,,,Baixa,970000,2029-12-31,False,39,Mais de 24m,30.1,36.5,,34.7,55.8,0.8,27.3,32.1,E,55,,,nao_verificado,False,Egresso,,https://www.sofascore.com/pt/football/player/wallace-davi-nunes/1884816,,,,,,,Driblador,0.0
1640597,Carbone,Flamengo,ZAG,21,187,Esquerdo,FC Lugano,,2,2,,2,,,Baixa,310000,2029-06-30,False,33,Mais de 24m,29.7,42.9,,3.4,68.5,0.76,27.4,34.3,E,38,,,nao_verificado,False,Egresso,,https://www.sofascore.com/pt/football/player/carbone/1640597,Construtor,75.0,,,,,Muralha,0.0
1065355,Derick,Santos,ZAG,24,194,Direito,Arda Kardzhali,,2,2,,1077,,,Adequada,73000,2029-06-30,False,33,Mais de 24m,,,,64.6,72.6,0.22,,,SD,,,,nao_verificado,False,Egresso,,https://www.sofascore.com/pt/football/player/derick/1065355,,,,,,,,
1090721,Helder,Palmeiras,ZAG,25,185,Esquerdo,Anápolis FC,Brasileirão Série C,4,4,,859,,,Moderada,,,False,,Sem dado,55.3,17.5,,65.7,66.3,0.56,36.7,41.6,E,31,,,nao_verificado,False,Egresso,,https://www.sofascore.com/pt/football/player/helder/1090721,Duelista,88.6,,,,,Muralha,6.8
1002459,Henri Santos,Palmeiras,ZAG,24,189,Direito,CRB,Brasileirão Série B,2,4,T4→T2,1166,,,Adequada,1000000,2027-12-31,False,15,12–24m,54.6,51.6,29.4,71.8,61.5,0.96,51.1,52.7,E,15,,,nao_verificado,False,Egresso,,https://www.sofascore.com/pt/football/player/henri-santos/1002459,,,,,,,Velocista,15.6
1647585,Iago Silva,Flamengo,ZAG,21,188,Direito,Orlando City SC,MLS,3,4,T4→T3,1218,,,Adequada,1400000,2029-06-30,False,33,Mais de 24m,33.1,59.8,39.3,69.7,53.5,0.96,44.3,45.7,E,25,,,nao_verificado,False,Egresso,,https://www.sofascore.com/pt/football/player/iago/1647585,,,,,,,Duelista,14.3
1631683,João Loiola,Fluminense,ZAG,21,188,Direito,New York City FC II,MLS Next Pro,4,4,,1432,,,Adequada,,2026-12-31,False,3,≤12m · oportunidade,59.8,60.8,,86.0,72.5,0.8,53.6,56.8,E,4,,,nao_verificado,False,Egresso,,https://www.sofascore.com/pt/football/player/joao-victor-loiola-santos/1631683,Velocista,75.0,,,,,,
1411150,João Pedro Tchoca,Corinthians,ZAG,22,192,Direito,Corinthians,Brasileirão Betano,1,3,T3→T1,396,,,Baixa,3800000,2030-12-31,False,51,Mais de 24m,81.2,54.8,72.8,42.5,37.7,0.96,65.6,61.4,D,1,,,nao_verificado,False,No clube formador,Ainda no clube formador,https://www.sofascore.com/pt/football/player/joao-pedro/1411150,Jogo aéreo,86.9,Duelista,84.9,,,Velocista,28.1
1464528,Kayky Almeida,Fluminense,ZAG,21,185,Esquerdo,Sport Recife,Brasileirão Série B,2,2,,729,,,Moderada,775000,2026-11-30,False,2,≤12m · oportunidade,45.3,55.0,31.9,58.2,74.0,0.96,46.5,50.6,E,18,,,nao_verificado,False,Egresso,,https://www.sofascore.com/pt/football/player/kayky-almeida/1464528,,,,,,,Duelista,25.7
1082952,Leonardo Zabala,Santos,ZAG,24,188,Direito,Bolívar,,1,1,,135,,,Baixa,390000,2027-06-30,False,9,≤12m · oportunidade,18.3,39.5,39.9,39.1,74.8,0.88,30.7,37.3,E,34,,,nao_verificado,False,Egresso,,https://www.sofascore.com/pt/football/player/leonardo-zabala/1082952,,,,,,,Duelista,0.0
923969,Michel Ange Balikwisha,Palmeiras,ZAG,25,177,Direito,KAA Gent,,4,4,,271,,,Baixa,3300000,2027-06-30,False,9,≤12m · oportunidade,27.0,42.6,40.1,29.6,54.8,0.96,27.6,31.7,E,40,,,nao_verificado,False,Egresso,,https://www.sofascore.com/pt/football/player/michel-ange-balikwisha/923969,,,,,,,Velocista,6.3
1485292,Pedro Felipe,Palmeiras,ZAG,22,190,Direito,Real Racing Club,LaLiga,1,1,,76,,,Baixa,1500000,2030-06-30,False,45,Mais de 24m,23.3,34.9,28.4,14.6,47.0,0.9,25.8,29.0,E,43,,,nao_verificado,False,Egresso,,https://www.sofascore.com/pt/football/player/pedro-felipe/1485292,,,,,,,Duelista,1.9
1411159,Renato Santos,Corinthians,ZAG,21,188,Direito,Corinthians,,3,3,,784,,,Moderada,480000,2027-07-31,False,10,≤12m · oportunidade,24.4,42.5,,72.4,70.2,0.62,36.8,42.4,E,28,,,nao_verificado,False,No clube formador,Ainda no clube formador,https://www.sofascore.com/pt/football/player/renato-santos/1411159,,,,,,,Duelista,13.7
1106487,Victor Gabriel,Internacional,ZAG,22,187,Esquerdo,Internacional,Brasileirão Betano,1,3,T3→T1,1189,,,Adequada,4700000,2029-12-31,False,39,Mais de 24m,61.0,50.3,63.8,70.4,38.4,0.96,59.8,56.6,A,6,,,nao_verificado,False,No clube formador,Já no elenco do Inter,https://www.sofascore.com/pt/football/player/victor-gabriel/1106487,,,,,,,,
1485300,Vitor Reis,Palmeiras,ZAG,20,186,Direito,Manchester City,Premier League,1,1,,1,,,Baixa,31000000,2029-06-30,False,33,Mais de 24m,18.3,42.9,71.2,2.0,34.4,0.8,28.9,29.7,E,42,,,nao_verificado,False,Egresso,,https://www.sofascore.com/pt/football/player/reis-vitor/1485300,Construtor,75.0,,,,,Velocista,12.5
770317,Taiberson,Internacional,ATA,32,172,Esquerdo,Aposentado,,,4,,60,0,0,,,NaT,False,,,,,,,,,,,DESC,,,,nao_verificado,False,Aposentado,Fora da aba BSC da v2 (aposentado ou sem formador mapeado),https://www.sofascore.com/pt/football/player/taiberson/770317,,,,,,,,
